Date,Open,High,Low,Close,Volume
2018-08-15,11.84,11.84,11.74,11.74,27407
2018-08-16,11.78,11.8,11.7394,11.74,428440
2018-08-17,11.8,11.82,11.77,11.82,52373
2018-08-20,11.88,11.91,11.8501,11.9,28728
2018-08-21,11.92,11.95,11.889,11.93,30625
2018-08-22,11.98,11.98,11.9429,11.96,101246
2018-08-23,11.91,11.92,11.85,11.85,54867
2018-08-24,11.97,12.08,11.96,12.05,106508
2018-08-27,12.06,12.129,12.06,12.1,295140
2018-08-28,12.13,12.13,12.01,12.01,30423
2018-08-29,12.0562,12.06,12.03,12.0529,31809
2018-08-30,12.03,12.03,11.97,12.0064,804462
2018-08-31,12.04,12.05,11.99,12,39482
2018-09-04,11.91,11.94,11.9,11.92,6226
2018-09-05,11.98,11.98,11.9579,11.965,1032766
2018-09-06,12.07,12.07,11.98,11.9999,22941
2018-09-07,11.97,11.98,11.9357,11.96,20543
2018-09-10,11.97,11.97,11.94,11.95,64347
2018-09-11,11.9,11.9579,11.8765,11.955,6761
2018-09-12,12.03,12.073,12.02,12.073,1606
2018-09-13,12.12,12.12,12.01,12.01,5857
2018-09-14,12.01,12.01,11.93,11.93,13650
2018-09-17,12.01,12.04,12,12.007,2214048
2018-09-18,12.03,12.03,11.98,11.98,998
2018-09-19,12.04,12.04,12.03,12.03,17370
2018-09-20,12.06,12.0693,12.04,12.06,8266
2018-09-21,12,12,11.9703,11.9885,2971
2018-09-24,12.01,12.0299,12,12,31450
2018-09-25,12.0175,12.02,12.0065,12.0065,551627
2018-09-26,11.96,11.99,11.91,11.95,166541
2018-09-27,11.85,11.87,11.83,11.8393,25355
2018-09-28,11.8458,11.93,11.8458,11.92,24482
2018-10-01,11.8786,11.8961,11.8786,11.8899,3359
2018-10-02,12.01,12.07,12.01,12.03,118730
2018-10-03,12.04,12.04,11.9799,11.9799,26112
2018-10-04,12.04,12.04,11.9751,11.98,7303
2018-10-05,12.02,12.04,12.01,12.01,4422
2018-10-08,11.86,11.87,11.83,11.8601,168168
2018-10-09,11.86,11.8899,11.86,11.87,202900
2018-10-10,11.87,11.93,11.87,11.93,16620
2018-10-11,12.07,12.2399,12.07,12.23,8832
2018-10-12,12.21,12.214,12.1699,12.2,20348
2018-10-15,12.27,12.3,12.26,12.27,6313
2018-10-16,12.31,12.31,12.24,12.24,18680
2018-10-17,12.2599,12.2767,12.22,12.22,7513
2018-10-18,12.24,12.29,12.24,12.26,12178
2018-10-19,12.27,12.28,12.2599,12.26,3843
2018-10-22,12.21,12.2216,12.2099,12.2216,501914
2018-10-23,12.39,12.39,12.3,12.3,13862
2018-10-24,12.3,12.3199,12.28,12.3,17644
2018-10-25,12.32,12.32,12.28,12.2901,9731
2018-10-26,12.34,12.42,12.32,12.3476,216362
2018-10-29,12.31,12.31,12.25,12.3,13441
2018-10-30,12.2,12.25,12.2,12.24,10990
2018-10-31,12.15,12.17,12.1236,12.17,16871
2018-11-01,12.3,12.36,12.2962,12.34,5605
2018-11-02,12.33,12.35,12.31,12.34,13084
2018-11-05,12.28,12.3168,12.28,12.3099,2702
2018-11-06,12.31,12.31,12.24,12.2584,13787
2018-11-07,12.28,12.2889,12.26,12.27,10095
2018-11-08,12.24,12.25,12.2184,12.2184,3625
2018-11-09,12.12,12.12,12.0767,12.08,7106
2018-11-12,12.05,12.05,12.0099,12.0099,7717
2018-11-13,11.99,12.0366,11.99,12,4227
2018-11-14,12,12.15,11.99,12.11,7421
2018-11-15,12.1201,12.15,12.1201,12.15,3419
2018-11-16,12.2399,12.24,12.2099,12.21,4907
2018-11-19,12.21,12.24,12.2,12.23,17812
2018-11-20,12.24,12.24,12.1964,12.21,6866
2018-11-21,12.259,12.2615,12.2584,12.2584,451923
2018-11-26,12.2464,12.2464,12.2199,12.2199,1493
2018-11-27,12.22,12.22,12.14,12.14,3415
2018-11-28,12.2,12.25,12.1883,12.2,5964
2018-11-29,12.26,12.27,12.22,12.24,8586
2018-11-30,12.1699,12.21,12.1699,12.21,2399
2018-12-03,12.32,12.335,12.29,12.2908,5888
2018-12-04,12.405,12.405,12.3665,12.3799,3556
2018-12-06,12.65,14.85,12.36,12.37,28204
2018-12-07,12.4475,12.5,12.4475,12.4999,5314
2018-12-10,12.44,12.465,12.4185,12.4395,662959
2018-12-11,12.44,12.44,12.4199,12.4235,5572
2018-12-12,12.45,12.46,12.4379,12.455,10079
2018-12-13,12.41,12.43,12.405,12.425,23096
2018-12-14,12.34,12.39,12.32,12.375,4729
2018-12-17,12.4199,12.46,12.41,12.4552,2978
2018-12-18,12.46,12.495,12.46,12.485,475485
2018-12-19,12.51,12.57,12.415,12.415,16193
2018-12-20,12.59,12.635,12.56,12.6002,7186
2018-12-21,12.61,12.61,12.54,12.545,25291
2018-12-24,12.65,12.69,12.65,12.6847,132329
2018-12-26,12.79,12.825,12.665,12.665,23327
2018-12-27,12.85,12.85,12.72,12.7495,14319
2018-12-28,12.79,12.7999,12.765,12.7989,98244
2018-12-31,12.8,12.83,12.78,12.82,30327
2019-01-02,12.87,13.11,12.8,13.05,46527
2019-01-03,12.89,12.9345,12.875,12.9298,62606
2019-01-04,12.83,12.85,12.76,12.838,12113
2019-01-07,12.92,12.9255,12.8697,12.8843,24463
2019-01-08,12.78,12.85,12.78,12.845,17200
2019-01-09,12.8857,12.9232,12.8857,12.9204,11585
2019-01-10,12.9,12.91,12.8597,12.8597,536205
2019-01-11,12.88,12.8999,12.865,12.874,15888
2019-01-14,12.91,12.9115,12.89,12.909,4306
2019-01-15,12.93,12.93,12.86,12.8804,137879
2019-01-16,12.91,12.94,12.91,12.93,163802
2019-01-17,12.91,12.92,12.9,12.92,8996
2019-01-18,12.82,12.83,12.8,12.8051,30755
2019-01-22,12.81,12.849,12.79,12.835,24155
2019-01-23,12.9,12.9,12.78,12.825,14647
2019-01-24,12.8201,12.8201,12.79,12.7995,25268
2019-01-25,12.91,12.99,12.91,12.9867,19286
2019-01-28,12.98,13.039,12.98,13.0288,187998
2019-01-29,13.08,13.1099,13.0566,13.105,18783
2019-01-30,13.1,13.2,13.09,13.1738,18921
2019-01-31,13.24,13.24,13.185,13.185,30274
2019-02-01,13.21,13.21,13.16,13.1744,18608
2019-02-04,13.12,13.1399,13.11,13.12,21901
2019-02-05,13.14,13.15,13.13,13.1404,11197
2019-02-06,13.13,13.13,13.055,13.055,5753
2019-02-07,13.086,13.1027,13.08,13.09,17300
2019-02-08,13.12,13.14,13.11,13.135,17383
2019-02-11,13.03,13.0899,13.03,13.075,52966
2019-02-12,13.11,13.11,13.08,13.0984,35037
2019-02-13,13.1,13.1627,13.04,13.0468,20728
2019-02-14,13.1036,13.115,13.07,13.115,14961
2019-02-15,13.18,13.21,13.15,13.2,7901
2019-02-19,13.33,13.4,13.3267,13.3968,13817
2019-02-20,13.4215,13.45,13.36,13.3839,16529
2019-02-21,13.34,13.34,13.225,13.225,20098
2019-02-22,13.27,13.305,13.2636,13.275,7032
2019-02-25,13.31,13.31,13.25,13.26,17670
2019-02-26,13.2599,13.2768,13.23,13.2761,8020
2019-02-27,13.24,13.24,13.17,13.1866,6101
2019-02-28,13.19,13.19,13.11,13.12,3548
2019-03-01,13.05,13.0919,12.89,12.89,19367
2019-03-04,12.84,12.88,12.825,12.855,36562
2019-03-05,12.84,12.865,12.8101,12.865,7591
2019-03-06,12.84,12.86,12.84,12.8586,6208
2019-03-07,12.83,12.86,12.83,12.845,22988
2019-03-08,12.98,12.995,12.955,12.995,26423
2019-03-11,12.96,12.96,12.8942,12.925,16636
2019-03-12,12.97,13.01,12.9564,13.005,10007
2019-03-13,13.07,13.1,13.06,13.091,34971
2019-03-14,12.93,12.96,12.92,12.9546,21283
2019-03-15,13.02,13.02,13,13.005,10688
2019-03-18,13.035,13.04,13.01,13.015,10327
2019-03-19,13.0899,13.0899,13.05,13.055,2211
2019-03-20,13.08,13.15,12.99,13.1237,4989
2019-03-21,13.16,13.16,13.0793,13.0793,32221
2019-03-22,13.1,13.14,13.1,13.115,10579
2019-03-25,13.18,13.2266,13.17,13.205,15808
2019-03-26,13.17,13.17,13.14,13.145,15183
2019-03-27,13.15,13.15,13.08,13.08,14285
2019-03-28,12.94,12.94,12.88,12.9,13194
2019-03-29,12.98,12.98,12.91,12.91,19011
2019-04-01,12.96,12.96,12.86,12.86,22292
2019-04-02,12.88,12.9,12.88,12.895,20906
2019-04-03,12.8701,12.9,12.8701,12.885,2251
2019-04-04,12.82,12.93,12.8073,12.91,9299
2019-04-05,12.9,12.91,12.88,12.905,12594
2019-04-08,13,13.01,12.96,12.96,10896
2019-04-09,13.03,13.05,13.025,13.025,25889
2019-04-10,13.04,13.0768,13.04,13.065,10417
2019-04-11,12.97,12.98,12.89,12.905,25624
2019-04-12,12.91,12.93,12.89,12.89,11890
2019-04-15,12.83,12.89,12.83,12.86,22089
2019-04-16,12.74,12.7599,12.72,12.7541,6813
2019-04-17,12.75,12.75,12.72,12.72,21117
2019-04-18,12.73,12.7437,12.7107,12.74,13204
2019-04-22,12.75,12.75,12.7315,12.735,8977
2019-04-23,12.69,12.72,12.67,12.707,13581
2019-04-24,12.71,12.765,12.7,12.74,13076
2019-04-25,12.7999,12.8,12.755,12.755,4601
2019-04-26,12.82,12.87,12.82,12.845,30282
2019-04-29,12.79,12.79,12.7701,12.78,19657
2019-04-30,12.8,12.855,12.8,12.825,10931
2019-05-01,12.81,12.85,12.72,12.7453,33621
2019-05-02,12.67,12.7,12.657,12.6979,18506
2019-05-03,12.76,12.79,12.7596,12.7723,27991
2019-05-06,12.77,12.81,12.77,12.78,20687
2019-05-07,12.81,12.8435,12.8099,12.83,42228
2019-05-08,12.87,12.87,12.78,12.795,11886
2019-05-09,12.8,12.84,12.8,12.82,33595
2019-05-10,12.86,12.87,12.83,12.845,12571
2019-05-13,12.98,12.99,12.94,12.97,21249
2019-05-14,12.98,12.98,12.93,12.95,30769
2019-05-15,12.98,12.99,12.94,12.9481,28914
2019-05-16,12.92,12.92,12.84,12.8594,13892
2019-05-17,12.81,12.81,12.74,12.76,8168
2019-05-20,12.75,12.77,12.75,12.765,28503
2019-05-21,12.7,12.73,12.68,12.725,10905
2019-05-22,12.74,12.74,12.7179,12.72,9512
2019-05-23,12.8299,12.85,12.82,12.82,34103
2019-05-24,12.82,12.83,12.8036,12.83,26049
2019-05-28,12.79,12.79,12.76,12.78,22349
2019-05-29,12.82,12.82,12.78,12.78,39069
2019-05-30,12.8,12.875,12.7875,12.865,13690
2019-05-31,12.97,13.05,12.959,13.045,156551
2019-06-03,13.13,13.26,13.12,13.24,35293
2019-06-04,13.2,13.24,13.2,13.24,59676
2019-06-05,13.36,13.3601,13.2629,13.27,28342
2019-06-06,13.33,13.38,13.3101,13.3189,253279
2019-06-07,13.44,13.455,13.39,13.395,11966
2019-06-10,13.28,13.28,13.23,13.26,363830
2019-06-11,13.23,13.2586,13.22,13.25,4308
2019-06-12,13.3,13.34,13.3,13.315,18133
2019-06-13,13.43,13.5,13.37,13.44,9622
2019-06-14,13.47,13.5598,12.8169,13.39,43103
2019-06-17,13.41,13.4594,13.3548,13.4,42488
2019-06-18,13.51,13.52,13.4,13.4495,33040
2019-06-19,13.42,13.5384,13.42,13.53,64528
2019-06-20,13.8,13.915,13.7999,13.89,196859
2019-06-21,13.95,13.99,13.9,13.98,67432
2019-06-24,14.05,14.18,14.043,14.1705,83859
2019-06-25,14.28,14.3372,14.1236,14.2181,105429
2019-06-26,14.08,14.13,14.03,14.075,52252
2019-06-27,14.02,14.06,14.01,14.06,26355
2019-06-28,14.08,14.1001,14.07,14.1,9733
2019-07-01,13.8,13.96,13.75,13.81,26305
2019-07-02,13.9,14.12,13.89,14.12,20223
2019-07-03,14.14,14.185,14.12,14.14,31606
2019-07-05,13.89,14.01,13.84,13.9842,39508
2019-07-08,14,14.0065,13.9,13.9,39262
2019-07-09,13.92,13.97,13.89,13.94,28018
2019-07-10,14.07,14.17,14.04,14.15,23207
2019-07-11,14.1328,14.1328,14.0349,14.0492,16393
2019-07-12,14.07,14.148,14.045,14.13,29998
2019-07-15,14.11,14.13,14.0599,14.12,5713
2019-07-16,14.1,14.1,13.9981,14.01,16405
2019-07-17,14.08,14.24,14.0765,14.23,49100
2019-07-18,14.43,14.46,14.15,14.43,119792
2019-07-19,14.34,14.39,14.2,14.23,123718
2019-07-22,14.24,14.27,14.2157,14.23,55963
2019-07-23,14.23,14.27,14.14,14.14,76790
2019-07-24,14.25,14.26,14.1948,14.215,55030
2019-07-25,14.21,14.21,14.1,14.12,69874
2019-07-26,14.21,14.21,14.15,14.15,28392
2019-07-29,14.19,14.2448,14.15,14.24,44242
2019-07-30,14.28,14.3,14.24,14.29,42480
2019-07-31,14.29,14.29,14.1,14.1009,50949
2019-08-01,14.03,14.4384,14.02,14.43,80446
2019-08-02,14.33,14.45,14.33,14.39,55541
2019-08-05,14.6,14.67,14.55,14.58,75108
2019-08-06,14.64,14.71,14.6203,14.6991,47094
2019-08-07,14.96,15.07,14.92,14.93,194102
2019-08-08,14.92,15.0648,14.9,15,84339
2019-08-09,14.96,15.035,14.92,14.96,51924
2019-08-12,14.99,15.15,14.99,15.11,74037
2019-08-13,15.16,15.16,14.77,15.01,132603
2019-08-14,15.12,15.9153,15.1,15.12,218424
2019-08-15,15.14,15.23,15.1,15.21,92917
2019-08-16,15.12,15.17,15.05,15.12,105619
2019-08-19,14.97,15.0063,14.9101,14.927,84081
2019-08-20,15.01,15.05,15,15.05,28493
2019-08-21,15,15.04,14.992,15.01,57204
2019-08-22,14.97,15.0164,14.94,14.97,63101
2019-08-23,15.02,15.27,15.0001,15.27,52376
2019-08-26,15.29,15.3488,15.24,15.24,90341
2019-08-27,15.28,15.41,15.28,15.4,66415
2019-08-28,15.39,15.42,15.3384,15.37,176624
2019-08-29,15.4,15.4,15.1751,15.26,111196
2019-08-30,15.23,15.2717,15.1685,15.21,53881
2019-09-03,15.35,15.47,15.3365,15.43,99019
2019-09-04,15.43,15.5343,15.41,15.52,147036
2019-09-05,15.35,15.35,15.06,15.155,162786
2019-09-06,15.22,15.2293,15.02,15.03,62600
2019-09-09,15.08,15.08,14.96,14.97,59226
2019-09-10,14.95,14.9705,14.8438,14.8443,55218
2019-09-11,14.87,14.96,14.86,14.94,74979
2019-09-12,15.11,15.1404,14.951,14.96,110564
2019-09-13,15.01,15.03,14.835,14.85,28805
2019-09-16,14.98,15.0277,14.94,14.97,81602
2019-09-17,15.02,15.03,14.97,14.99,15409
2019-09-18,15.03,15.0688,14.81,14.9,50141
2019-09-19,14.99,14.9999,14.9499,14.95,20372
2019-09-20,14.9931,15.14,14.99,15.14,37372
2019-09-23,15.17,15.235,15.15,15.23,67870
2019-09-24,15.17,15.325,15.14,15.29,84652
2019-09-25,15.26,15.26,14.9903,15.0178,42086
2019-09-26,15.0772,15.0866,15.015,15.015,18477
2019-09-27,14.87,14.99,14.8534,14.94,474259
2019-09-30,14.8,14.83,14.6208,14.7192,311345
2019-10-01,14.61,14.83,14.5901,14.77,236430
2019-10-02,14.91,15.015,14.9,14.95,124359
2019-10-03,14.96,15.1577,14.96,15.03,41251
2019-10-04,14.99,15.05,14.96,15.03,69929
2019-10-07,14.94,14.99,14.87,14.89,109747
2019-10-08,15.04,15.05,14.95,15.02,41996
2019-10-09,15.06,15.08,15.02,15.05,60309
2019-10-10,15,15,14.895,14.91,80650
2019-10-11,14.83,14.83,14.71,14.82,153896
2019-10-14,14.87,14.9066,14.8649,14.9,267848
2019-10-15,14.86,14.86,14.75,14.78,34082
2019-10-16,14.85,14.88,14.8,14.86,94931
2019-10-17,14.9,14.9301,14.8754,14.88,88287
2019-10-18,14.88,14.8999,14.86,14.87,166327
2019-10-21,14.91,14.91,14.7964,14.8,51221
2019-10-22,14.85,14.885,14.8043,14.85,65598
2019-10-23,14.9,14.9264,14.885,14.885,23435
2019-10-24,14.93,15.01,14.915,15,185275
2019-10-25,15.13,15.13,14.98,15.02,212886
2019-10-28,14.95,14.95,14.87,14.89,158326
2019-10-29,14.84,14.87,14.81,14.85,41760
2019-10-30,14.89,14.9262,14.825,14.9252,93400
2019-10-31,15.04,15.1069,15.032,15.08,126866
2019-11-01,15.07,15.13,15.047,15.09,38336
2019-11-04,15.07,15.09,15.02,15.05,103137
2019-11-05,14.91,15.065,14.7799,14.82,191545
2019-11-06,14.85,14.89,14.835,14.87,31394
2019-11-07,14.84,14.84,14.58,14.65,102660
2019-11-08,14.59,14.64,14.56,14.56,58098
2019-11-11,14.58,14.59,14.46,14.52,40308
2019-11-12,14.51,14.57,14.425,14.56,37338
2019-11-13,14.6,14.633,14.59,14.61,13644
2019-11-14,14.66,14.715,14.62,14.6644,12240
2019-11-15,14.621,14.6553,14.6138,14.64,18635
2019-11-18,14.66,14.705,14.65,14.685,125474
2019-11-19,14.63,14.71,14.63,14.68,17953
2019-11-20,14.68,14.7195,14.6384,14.7,33275
2019-11-21,14.66,14.66,14.5942,14.61,31501
2019-11-22,14.66,14.66,14.59,14.59,17161
2019-11-25,14.55,14.57,14.51,14.52,24584
2019-11-26,14.5,14.59,14.5,14.58,48905
2019-11-27,14.52,14.53,14.5,14.51,20558
2019-11-29,14.53,14.61,14.52,14.605,8052
2019-12-02,14.55,14.61,14.55,14.59,39365
2019-12-03,14.72,14.78,14.72,14.74,57947
2019-12-04,14.74,14.74,14.687,14.72,21970
2019-12-05,14.71,14.77,14.71,14.73,12754
2019-12-06,14.6,14.6,14.55,14.57,171392
2019-12-09,14.6,14.6,14.56,14.5794,18299
2019-12-10,14.64,14.64,14.5958,14.61,39523
2019-12-11,14.64,14.75,14.63,14.71,28232
2019-12-12,14.81,14.81,14.61,14.6639,150852
2019-12-13,14.68,14.7424,14.6301,14.74,41452
2019-12-16,14.74,14.7679,14.7003,14.72,29024
2019-12-17,14.72,14.74,14.71,14.7152,24124
2019-12-18,14.7,14.755,14.7,14.725,134180
2019-12-19,14.73,14.78,14.72,14.76,28838
2019-12-20,14.77,14.77,14.7351,14.741,25524
2019-12-23,14.78,14.83,14.78,14.8235,95569
2019-12-24,14.87,14.969,14.87,14.96,66352
2019-12-26,15.06,15.1,15.04,15.072,42613
2019-12-27,15.08,15.11,15.0701,15.075,64585
2019-12-30,15.11,15.13,15.1095,15.11,93364
2019-12-31,15.19,15.21,15.15,15.15,168997
2020-01-02,15.24,15.275,15.2,15.25,43147
2020-01-03,15.45,15.49,15.4179,15.45,53449
2020-01-06,15.76,15.7658,15.59,15.62,84879
2020-01-07,15.64,15.6999,15.6399,15.68,37083
2020-01-08,15.75,15.75,15.4865,15.56,136634
2020-01-09,15.48,15.51,15.41,15.465,24655
2020-01-10,15.5,15.57,15.4955,15.57,99055
2020-01-13,15.5,15.51,15.26,15.45,170858
2020-01-14,15.4,15.44,15.375,15.435,43493
2020-01-15,15.5,15.54,15.4549,15.52,41800
2020-01-16,15.5,15.5001,15.45,15.49,78193
2020-01-17,15.53,15.58,15.51,15.53,91640
2020-01-21,15.45,15.67,15.4368,15.55,164215
2020-01-22,15.54,15.55,15.51,15.55,28898
2020-01-23,15.54,15.6399,15.54,15.585,125192
2020-01-24,15.56,15.72,15.56,15.675,68590
2020-01-27,15.8,15.8,15.7399,15.79,56818
2020-01-28,15.72,15.73,15.65,15.65,37682
2020-01-29,15.65,15.735,15.642,15.73,29735
2020-01-30,15.76,15.81,15.695,15.74,87206
2020-01-31,15.79,15.85,15.785,15.83,80587
2020-02-03,15.74,15.76,15.68,15.73,57183
2020-02-04,15.58,15.58,15.46,15.51,170214
2020-02-05,15.51,15.5599,15.49,15.54,29011
2020-02-06,15.61,15.63,15.575,15.63,172721
2020-02-07,15.67,15.69,15.61,15.67,151694
2020-02-10,15.71,15.73,15.6801,15.6905,63558
2020-02-11,15.69,15.69,15.5862,15.65,45055
2020-02-12,15.63,15.66,15.6,15.63,34892
2020-02-13,15.7,15.74,15.68,15.72,45265
2020-02-14,15.78,15.8099,15.74,15.7904,52146
2020-02-18,15.89,16,15.84,15.9895,109584
2020-02-19,16.01,16.09,15.98,16.09,80110
2020-02-20,16.11,16.19,16.107,16.16,70172
2020-02-21,16.37,16.44,16.34,16.4,134985
2020-02-24,16.8,16.8,16.47,16.56,306580
2020-02-25,16.45,16.53,16.229,16.25,122997
2020-02-26,16.31,16.45,16.21,16.32,97849
2020-02-27,16.49,16.55,16.32,16.32,146401
2020-02-28,16.19,16.19,15.5875,15.73,325665
2020-03-02,15.9,15.97,15.8,15.81,294124
2020-03-03,15.99,16.4232,15.98,16.31,256703
2020-03-04,16.37,16.41,16.3,16.3398,292993
2020-03-05,16.56,16.71,16.51,16.6934,181144
2020-03-06,16.79,16.85,16.39,16.69,311405
2020-03-09,16.81,16.81,16.58,16.73,288233
2020-03-10,16.56,16.56,16.39,16.4032,230342
2020-03-11,16.57,16.59,16.29,16.33,200416
2020-03-12,16.06,16.06,15.56,15.67,394852
2020-03-13,15.85,15.85,15.04,15.19,530561
2020-03-16,14.59,15.14,14.49,15.04,412090
2020-03-17,14.86,15.4999,14.85,15.25,266217
2020-03-18,15.01,15.14,14.705,14.9315,256187
2020-03-19,14.74,14.88,14.63,14.65,189837
2020-03-20,14.91,14.9411,14.76,14.86,203622
2020-03-23,16.55,16.55,15.09,15.49,421836
2020-03-24,16.39,16.5,16.075,16.36,605495
2020-03-25,16.33,16.33,16.05,16.12,210272
2020-03-26,16.45,16.53,16.2301,16.4,212357
2020-03-27,16.35,16.38,16.25,16.29,172477
2020-03-30,16.29,16.33,16.0902,16.24,536888
2020-03-31,16,16.09,15.705,15.72,193659
2020-04-01,15.74,16.16,15.68,15.87,296162
2020-04-02,16.21,16.21,15.99,16.18,99208
2020-04-03,16.15,16.225,16.08,16.1801,160300
2020-04-06,16.4,16.65,16.3215,16.65,334799
2020-04-07,16.48,16.545,16.3802,16.54,213956
2020-04-08,16.51,16.525,16.4,16.42,110727
2020-04-09,16.75,16.85,16.68,16.79,283080
2020-04-13,16.99,17.2,16.82,17.14,521573
2020-04-14,17.34,17.43,17.02,17.25,536423
2020-04-15,17.17,17.215,17.0534,17.19,218034
2020-04-16,17.24,17.3,17.05,17.14,395705
2020-04-17,16.96,16.96,16.7641,16.82,416911
2020-04-20,16.91,17.1,16.8,17.03,292090
2020-04-21,16.88,16.88,16.65,16.82,402121
2020-04-22,17.04,17.15,17.0081,17.15,352205
2020-04-23,17.27,17.38,17.1698,17.3,461722
2020-04-24,17.3,17.32,17.06,17.23,399941
2020-04-27,17.14,17.24,17.02,17.13,395437
2020-04-28,17.06,17.07,16.88,17.03,207907
2020-04-29,16.98,17.12,16.87,17.12,275390
2020-04-30,17,17.43,16.75,16.84,617423
2020-05-01,16.72,17.14,16.72,16.96,642439
2020-05-04,17.01,17.05,16.96,17.01,344338
2020-05-05,17,17.075,16.91,17.07,460257
2020-05-06,16.88,16.93,16.765,16.84,237604
2020-05-07,16.92,17.17,16.9,17.11,295658
2020-05-08,17.09,17.1899,16.975,17.02,146424
2020-05-11,17,17.0299,16.8701,16.93,368268
2020-05-12,17,17.06,16.94,16.98,191656
2020-05-13,17.07,17.135,17.02,17.12,433293
2020-05-14,17.14,17.31,17.13,17.28,488633
2020-05-15,17.37,17.46,17.3,17.39,312336
2020-05-18,17.44,17.44,17.225,17.25,552825
2020-05-19,17.39,17.44,17.31,17.43,202248
2020-05-20,17.45,17.53,17.385,17.51,377378
2020-05-21,17.34,17.35,17.12,17.21,377478
2020-05-22,17.28,17.3277,17.26,17.3,202288
2020-05-26,17.26,17.26,17.0426,17.05,559942
2020-05-27,16.9,17.105,16.88,17.1,480870
2020-05-28,17.21,17.22,17.0658,17.16,228794
2020-05-29,17.25,17.323,17.22,17.27,426100
2020-06-01,17.3,17.37,17.24,17.37,388946
2020-06-02,17.39,17.3958,17.17,17.24,166157
2020-06-03,17.01,17.06,16.84,16.92,480306
2020-06-04,17.07,17.16,16.95,17.11,270829
2020-06-05,16.84,16.84,16.665,16.76,510399
2020-06-08,16.85,16.95,16.81,16.95,387076
2020-06-09,17.11,17.18,17.0683,17.11,296145
2020-06-10,17.2,17.35,17.08,17.35,316867
2020-06-11,17.33,17.4,17.17,17.23,308836
2020-06-12,17.34,17.37,17.245,17.27,161404
2020-06-15,17.03,17.23,16.995,17.2,308682
2020-06-16,17.15,17.25,17.1101,17.21,166924
2020-06-17,17.19,17.25,17.16,17.25,154964
2020-06-18,17.27,17.27,17.14,17.23,102218
2020-06-19,17.27,17.4,17.26,17.4,153783
2020-06-22,17.5,17.57,17.44,17.5,308272
2020-06-23,17.55,17.66,17.55,17.66,351812
2020-06-24,17.61,17.71,17.5584,17.61,329359
2020-06-25,17.6,17.6,17.52,17.59,246871
2020-06-26,17.49,17.67,17.423,17.67,335228
2020-06-29,17.67,17.69,17.625,17.68,405520
2020-06-30,17.65,17.8,17.61,17.78,319240
2020-07-01,17.73,17.73,17.535,17.68,468093
2020-07-02,17.64,17.735,17.62,17.71,257532
2020-07-06,17.81,17.82,17.74,17.81,254617
2020-07-07,17.76,17.93,17.76,17.93,326453
2020-07-08,18.07,18.1299,18.015,18.05,446020
2020-07-09,18.09,18.0965,17.91,17.99,635661
2020-07-10,18.04,18.0599,17.89,17.95,350907
2020-07-13,18.07,18.0758,17.95,17.97,324577
2020-07-14,17.93,18.07,17.91,18.05,320713
2020-07-15,18,18.0799,17.973,18.07,152183
2020-07-16,18.01,18.0299,17.89,17.9,498267
2020-07-17,18.01,18.06,18,18.05,196829
2020-07-20,18.12,18.145,18.06,18.13,360068
2020-07-21,18.31,18.38,18.28,18.36,397029
2020-07-22,18.47,18.645,18.435,18.64,500251
2020-07-23,18.7,18.9376,18.65,18.82,892273
2020-07-24,19.03,19.03,18.92,18.98,706464
2020-07-27,19.32,19.4,19.26,19.34,1107318
2020-07-28,19.34,19.55,19.27,19.53,492208
2020-07-29,19.57,19.745,19.37,19.64,694183
2020-07-30,19.47,19.555,19.31,19.5,645412
2020-07-31,19.58,19.705,19.53,19.69,478557
2020-08-03,19.64,19.71,19.54,19.7,619412
2020-08-04,19.72,20.12,19.66,20.11,408430
2020-08-05,20.32,20.48,20.22,20.3,605212
2020-08-06,20.53,20.625,20.43,20.57,770288
2020-08-07,20.46,20.47,20.09,20.25,962316
2020-08-10,20.38,20.43,20.13,20.19,819084
2020-08-11,19.44,19.52,19.04,19.08,1604475
2020-08-12,19.36,19.42,19.0099,19.03,587641
2020-08-13,19.25,19.6,19.25,19.47,603914
2020-08-14,19.47,19.49,19.26,19.36,333542
2020-08-17,19.61,19.83,19.58,19.77,754058
2020-08-18,20.07,20.1,19.71,19.97,527494
2020-08-19,19.85,19.88,19.272,19.34,755740
2020-08-20,19.23,19.49,19.2,19.46,293830
2020-08-21,19.33,19.38,19.15,19.32,249957
2020-08-24,19.41,19.41,19.17,19.2,311646
2020-08-25,19.21,19.23,19.08,19.22,235707
2020-08-26,19.13,19.48,19.12,19.46,627577
2020-08-27,19.65,19.65,19.0308,19.23,1174006
2020-08-28,19.51,19.66,19.4646,19.57,566539
2020-08-31,19.61,19.675,19.56,19.61,709856
2020-09-01,19.85,19.85,19.56,19.64,975006
2020-09-02,19.51,19.51,19.27,19.38,769629
2020-09-03,19.32,19.39,19.15,19.23,1519288
2020-09-04,19.21,19.31,19.11,19.27,926584
2020-09-08,19.04,19.33,18.998,19.25,1423168
2020-09-09,19.37,19.44,19.3301,19.42,454169
2020-09-10,19.54,19.58,19.34,19.36,541412
2020-09-11,19.44,19.47,19.315,19.36,367743
2020-09-14,19.48,19.54,19.46,19.51,701471
2020-09-15,19.57,19.59,19.405,19.46,343752
2020-09-16,19.63,19.63,19.455,19.51,590349
2020-09-17,19.29,19.42,19.26,19.42,683132
2020-09-18,19.43,19.52,19.38,19.44,319213
2020-09-21,19.09,19.1284,18.76,19.05,1124664
2020-09-22,19.05,19.095,18.89,18.96,517882
2020-09-23,18.76,18.8,18.48,18.54,1552306
2020-09-24,18.5,18.695,18.45,18.62,849573
2020-09-25,18.52,18.6,18.46,18.57,481288
2020-09-28,18.64,18.755,18.58,18.75,319706
2020-09-29,18.81,18.91,18.78,18.9,712639
2020-09-30,18.86,18.95,18.75,18.8,537118
2020-10-01,18.97,19.045,18.89,18.97,479346
2020-10-02,18.97,19.01,18.91,18.95,376884
2020-10-05,19,19.11,18.99,19.04,620848
2020-10-06,19.13,19.14,18.78,18.81,896337
2020-10-07,18.8,18.82,18.73,18.8,449029
2020-10-08,18.9,18.93,18.755,18.87,417339
2020-10-09,19.12,19.22,19.1,19.22,420356
2020-10-12,19.15,19.19,19.12,19.17,195118
2020-10-13,18.96,18.96,18.8,18.86,583479
2020-10-14,19.01,19.05,18.9,18.9,240892
2020-10-15,18.84,19.009,18.84,18.99,461033
2020-10-16,19.02,19.02,18.905,18.93,710445
2020-10-19,19.03,19.05,18.93,18.93,397226
2020-10-20,18.94,19.07,18.91,19.02,422798
2020-10-21,19.14,19.24,19.13,19.17,343045
2020-10-22,19,19,18.88,18.98,539188
2020-10-23,19,19.01,18.87,18.97,274799
2020-10-26,18.98,19,18.92,18.94,440160
2020-10-27,18.97,19.0383,18.95,19.01,417258
2020-10-28,18.73,18.7684,18.6201,18.7,976977
2020-10-29,18.59,18.6999,18.55,18.62,711569
2020-10-30,18.82,18.8277,18.68,18.71,390531
2020-11-02,18.84,18.88,18.8001,18.87,325170
2020-11-03,18.98,19.035,18.9411,18.99,771023
2020-11-04,19,19.01,18.86,18.97,969723
2020-11-05,19.22,19.4499,19.21,19.43,1126182
2020-11-06,19.47,19.479,19.34,19.45,427296
2020-11-09,18.73,18.73,18.435,18.59,2382958
2020-11-10,18.77,18.7799,18.65,18.66,457069
2020-11-11,18.55,18.59,18.51,18.57,527257
2020-11-12,18.7,18.76,18.67,18.68,260815
2020-11-13,18.86,18.87,18.77,18.8,1138929
2020-11-16,18.8,18.88,18.775,18.8,541987
2020-11-17,18.81,18.8381,18.7,18.74,842571
2020-11-18,18.7,18.77,18.62,18.62,545473
2020-11-19,18.49,18.6,18.49,18.59,439534
2020-11-20,18.69,18.72,18.64,18.65,200180
2020-11-23,18.6,18.6,18.2377,18.28,1023383
2020-11-24,17.98,18.01,17.93,17.99,765272
2020-11-25,18.03,18.1,17.9799,17.98,386374
2020-11-27,17.73,17.81,17.71,17.8,478110
2020-11-30,17.68,17.77,17.62,17.69,505343
2020-12-01,18.02,18.09,17.9741,18.06,270429
2020-12-02,18.12,18.2299,18.07,18.2,289328
2020-12-03,18.32,18.35,18.16,18.34,266816
2020-12-04,18.34,18.39,18.22,18.3,379768
2020-12-07,18.33,18.6,18.32,18.56,297508
2020-12-08,18.62,18.68,18.55,18.63,234779
2020-12-09,18.47,18.48,18.18,18.31,538152
2020-12-10,18.35,18.42,18.23,18.27,121356
2020-12-11,18.27,18.39,18.27,18.31,220929
2020-12-14,18.26,18.31,18.15,18.2,434039
2020-12-15,18.4,18.47,18.38,18.46,472963
2020-12-16,18.49,18.58,18.37,18.57,708910
2020-12-17,18.82,18.88,18.75,18.76,644836
2020-12-18,18.76,18.78,18.7,18.72,363750
2020-12-21,18.7,18.7799,18.66,18.67,634309
2020-12-22,18.7,18.71,18.51,18.53,433194
2020-12-23,18.6,18.7,18.58,18.64,305780
2020-12-24,18.65,18.72,18.6339,18.71,168103
2020-12-28,18.8,18.88,18.64,18.66,487893
2020-12-29,18.7,18.78,18.65,18.71,432624
2020-12-30,18.74,18.87,18.73,18.87,400169
2020-12-31,18.89,18.94,18.83,18.94,282507
2021-01-04,19.33,19.36,19.2243,19.35,767803
2021-01-05,19.42,19.44,19.311,19.41,607039
2021-01-06,19.27,19.2734,18.931,19.1,1425685
2021-01-07,19.07,19.1,18.991,19.05,330201
2021-01-08,18.78,18.78,18.2199,18.41,1217343
2021-01-11,18.27,18.44,18.27,18.38,441658
2021-01-12,18.39,18.49,18.3,18.49,497791
2021-01-13,18.45,18.52,18.39,18.4,665271
2021-01-14,18.41,18.5,18.34,18.4,682543
2021-01-15,18.36,18.3681,18.16,18.18,333501
2021-01-19,18.34,18.35,18.26,18.31,3583063
2021-01-20,18.52,18.63,18.46,18.63,355521
2021-01-21,18.6,18.63,18.53,18.62,222048
2021-01-22,18.37,18.5,18.31,18.47,539735
2021-01-25,18.55,18.575,18.4,18.47,632252
2021-01-26,18.47,18.5,18.42,18.44,3794046
2021-01-27,18.37,18.41,18.24,18.34,569630
2021-01-28,18.5,18.55,18.275,18.33,614107
2021-01-29,18.56,18.59,18.345,18.35,616268
2021-02-01,18.58,18.61,18.49,18.52,573705
2021-02-02,18.31,18.32,18.22,18.27,353525
2021-02-03,18.29,18.32,18.22,18.25,538555
2021-02-04,17.86,17.88,17.78,17.85,845727
2021-02-05,17.93,18.07,17.9101,18.04,398329
2021-02-08,18.27,18.3,18.22,18.23,773919
2021-02-09,18.32,18.3799,18.25,18.27,582327
2021-02-10,18.38,18.39,18.27,18.34,792393
2021-02-11,18.35,18.36,18.135,18.17,393082
2021-02-12,18.09,18.22,18.04,18.12,606662
2021-02-16,17.85,18.0599,17.815,17.86,575567
2021-02-17,17.74,17.77,17.62,17.66,1029016
2021-02-18,17.73,17.765,17.6,17.66,796340
2021-02-19,17.7,17.83,17.7,17.75,780555
2021-02-22,17.91,18.04,17.88,18,572346
2021-02-23,18.01,18.03,17.88,17.95,1068306
2021-02-24,17.8,17.96,17.76,17.95,982591
2021-02-25,17.73,17.8099,17.57,17.62,1380125
2021-02-26,17.53,17.53,17.1,17.19,1249130
2021-03-01,17.3,17.35,17.12,17.16,505469
2021-03-02,17.19,17.2985,17.127,17.24,369515
2021-03-03,17.07,17.17,16.94,17.06,1214672
2021-03-04,17.06,17.14,16.83,16.89,1146668
2021-03-05,16.95,16.97,16.84,16.9,304127
2021-03-08,16.84,16.85,16.69,16.72,593114
2021-03-09,17.06,17.12,17.035,17.08,387400
2021-03-10,17.1,17.1789,17.06,17.16,346773
2021-03-11,17.16,17.2,17.12,17.15,1166155
2021-03-12,16.94,17.177,16.93,17.16,735120
2021-03-15,17.23,17.265,17.15,17.23,386921
2021-03-16,17.26,17.33,17.2,17.25,324143
2021-03-17,17.25,17.435,17.16,17.36,509991
2021-03-18,17.1,17.29,17.1,17.28,385540
2021-03-19,17.26,17.365,17.26,17.33,239732
2021-03-22,17.25,17.33,17.22,17.31,358584
2021-03-23,17.27,17.27,17.17,17.18,589141
2021-03-24,17.24,17.3,17.2,17.24,722336
2021-03-25,17.31,17.37,17.14,17.2,968800
2021-03-26,17.17,17.28,17.17,17.24,387788
2021-03-29,17.15,17.16,16.99,17.02,416380
2021-03-30,16.77,16.8,16.732,16.75,458382
2021-03-31,16.78,17.065,16.78,16.99,280792
2021-04-01,17.16,17.22,17.14,17.2,386936
2021-04-05,17.16,17.25,17.15,17.21,240103
2021-04-06,17.28,17.3781,17.28,17.33,685988
2021-04-07,17.31,17.34,17.27,17.3,371052
2021-04-08,17.43,17.4999,17.43,17.48,375018
2021-04-09,17.3,17.38,17.26,17.34,828149
2021-04-12,17.28,17.291,17.19,17.23,549692
2021-04-13,17.33,17.4,17.32,17.37,406875
2021-04-14,17.3,17.3181,17.247,17.28,205516
2021-04-15,17.42,17.61,17.42,17.57,495786
2021-04-16,17.65,17.72,17.635,17.68,505167
2021-04-19,17.63,17.6799,17.61,17.62,470306
2021-04-20,17.61,17.7182,17.6,17.7,434622
2021-04-21,17.75,17.89,17.75,17.87,787133
2021-04-22,17.76,17.8,17.69,17.74,280148
2021-04-23,17.79,17.8,17.62,17.68,301082
2021-04-26,17.72,17.73,17.65,17.73,515624
2021-04-27,17.74,17.76,17.6701,17.69,239519
2021-04-28,17.62,17.74,17.59,17.74,419334
2021-04-29,17.6,17.67,17.49,17.67,562707
2021-04-30,17.63,17.635,17.56,17.6,431196
2021-05-03,17.8,17.89,17.795,17.83,382894
2021-05-04,17.82,17.9,17.63,17.69,594040
2021-05-05,17.71,17.78,17.71,17.78,176822
2021-05-06,17.85,18.09,17.84,18.07,472160
2021-05-07,18.23,18.3299,18.17,18.22,365434
2021-05-10,18.36,18.36,18.2587,18.29,157033
2021-05-11,18.12,18.3,18.1,18.3,264117
2021-05-12,18.21,18.2581,18.1,18.12,655214
2021-05-13,18.11,18.19,18.09,18.19,216880
2021-05-14,18.29,18.35,18.26,18.34,209275
2021-05-17,18.42,18.59,18.42,18.57,304085
2021-05-18,18.62,18.62,18.54,18.61,219799
2021-05-19,18.62,18.805,18.54,18.61,922050
2021-05-20,18.64,18.75,18.6101,18.69,604056
2021-05-21,18.77,18.79,18.62,18.7,342643
2021-05-24,18.72,18.765,18.685,18.75,296803
2021-05-25,18.73,18.91,18.71,18.91,505692
2021-05-26,18.96,18.98,18.82,18.87,383177
2021-05-27,18.85,18.8979,18.79,18.89,254304
2021-05-28,18.87,18.9589,18.84,18.945,409008
2021-06-01,18.99,18.995,18.833,18.9,393685
2021-06-02,18.95,19,18.92,19,321321
2021-06-03,18.69,18.69,18.56,18.63,252973
2021-06-04,18.78,18.87,18.78,18.83,294293
2021-06-07,18.8,18.91,18.775,18.91,387089
2021-06-08,18.84,18.87,18.75,18.845,687787
2021-06-09,18.86,18.89,18.79,18.81,343549
2021-06-10,18.77,18.9,18.7501,18.88,353035
2021-06-11,18.75,18.755,18.66,18.68,381113
2021-06-14,18.41,18.6,18.39,18.565,348784
2021-06-15,18.58,18.5801,18.43,18.5,198980
2021-06-16,18.49,18.54,18.18,18.19,514942
2021-06-17,17.74,17.81,17.59,17.63,646089
2021-06-18,17.65,17.71,17.54,17.54,379684
2021-06-21,17.7,17.77,17.65,17.75,317523
2021-06-22,17.69,17.74,17.65,17.68,290760
2021-06-23,17.75,17.85,17.65,17.65,536251
2021-06-24,17.75,17.76,17.65,17.66,352014
2021-06-25,17.81,17.81,17.67,17.71,248017
2021-06-28,17.72,17.73,17.685,17.71,250895
2021-06-29,17.48,17.5681,17.44,17.53,368650
2021-06-30,17.5,17.65,17.47,17.6,303143
2021-07-01,17.71,17.73,17.6,17.67,217516
2021-07-02,17.8,17.825,17.69,17.78,258520
2021-07-06,17.99,18.03,17.81,17.87,510314
2021-07-07,17.93,17.99,17.89,17.95,289058
2021-07-08,18.06,18.06,17.85,17.93,210354
2021-07-09,17.95,18.03,17.93,17.985,317357
2021-07-12,17.94,17.98,17.8314,17.97,477207
2021-07-13,18.01,18.055,17.965,17.9986,259057
2021-07-14,18.16,18.18,18.1099,18.18,373942
2021-07-15,18.17,18.205,18.11,18.2,265368
2021-07-16,18.15,18.17,18,18.01,258768
2021-07-19,18.01,18.06,17.96,18.02,449142
2021-07-20,18.12,18.145,17.97,18.0015,235892
2021-07-21,17.9,17.9687,17.88,17.95,274916
2021-07-22,17.92,17.9899,17.87,17.98,387573
2021-07-23,17.91,17.95,17.86,17.93,192936
2021-07-26,17.92,17.95,17.8701,17.88,282730
2021-07-27,17.94,17.95,17.855,17.92,431051
2021-07-28,17.89,18,17.86,18,235374
2021-07-29,18.15,18.23,18.1401,18.19,240400
2021-07-30,18.16,18.18,18.01,18.06,161365
2021-08-02,18.01,18.095,17.97,18.04,440927
2021-08-03,18.02,18.05,17.995,18.03,195984
2021-08-04,18.2,18.22,17.962,18.02,574515
2021-08-05,18.01,18.01,17.89,17.96,313823
2021-08-06,17.64,17.64,17.49,17.5,420911
2021-08-09,17.34,17.36,17.16,17.2,379291
2021-08-10,17.17,17.23,17.0878,17.21,362764
2021-08-11,17.36,17.45,17.3,17.43,282052
2021-08-12,17.41,17.445,17.33,17.445,336411
2021-08-13,17.54,17.6972,17.53,17.69,211930
2021-08-16,17.73,17.7999,17.7101,17.79,134342
2021-08-17,17.8,17.8279,17.7199,17.7559,168387
2021-08-18,17.77,17.8,17.69,17.765,189406
2021-08-19,17.78,17.79,17.67,17.71,80998
2021-08-20,17.75,17.765,17.69,17.73,135827
2021-08-23,17.96,17.96,17.86,17.93,258538
2021-08-24,17.98,17.999,17.93,17.94,134439
2021-08-25,17.86,17.86,17.74,17.81,534331
2021-08-26,17.79,17.8653,17.74,17.83,170796
2021-08-27,17.82,18.1,17.75,18.095,258806
2021-08-30,18.05,18.055,17.985,18.01,168899
2021-08-31,18,18.07,17.95,18.06,211922
2021-09-01,18.06,18.08,18,18.05,266539
2021-09-02,18.03,18.04,17.9625,18.01,136572
2021-09-03,18.14,18.2333,18.1001,18.1898,200555
2021-09-07,18.04,18.05,17.8298,17.84,237432
2021-09-08,17.86,17.87,17.73,17.78,339341
2021-09-09,17.89,17.89,17.7526,17.87,218718
2021-09-10,17.85,17.87,17.78,17.79,86543
2021-09-13,17.82,17.88,17.81,17.84,84331
2021-09-14,17.88,17.985,17.81,17.95,108604
2021-09-15,17.89,17.895,17.82,17.85,160682
2021-09-16,17.49,17.49,17.38,17.45,342799
2021-09-17,17.43,17.47,17.39,17.42,246355
2021-09-20,17.48,17.57,17.46,17.545,245871
2021-09-21,17.62,17.719,17.61,17.66,112389
2021-09-22,17.65,17.7771,17.56,17.6,1066120
2021-09-23,17.46,17.46,17.37,17.39,252226
2021-09-24,17.34,17.44,17.31,17.38,211154
2021-09-27,17.42,17.4704,17.3933,17.4,131105
2021-09-28,17.32,17.32,17.2001,17.24,288132
2021-09-29,17.27,17.3,17.125,17.17,280874
2021-09-30,17.3,17.53,17.27,17.46,266481
2021-10-01,17.48,17.55,17.44,17.51,400802
2021-10-04,17.42,17.605,17.39,17.59,321496
2021-10-05,17.44,17.535,17.4,17.5,201059
2021-10-06,17.47,17.55,17.46,17.55,205963
2021-10-07,17.44,17.53,17.44,17.46,55319
2021-10-08,17.69,17.7,17.47,17.48,207835
2021-10-11,17.46,17.5099,17.43,17.43,71519
2021-10-12,17.51,17.58,17.48,17.52,159204
2021-10-13,17.57,17.85,17.57,17.82,130259
2021-10-14,17.88,17.9,17.85,17.8644,149484
2021-10-15,17.6,17.66,17.56,17.58,131771
2021-10-18,17.6,17.61,17.53,17.55,105867
2021-10-19,17.7,17.71,17.5744,17.61,83625
2021-10-20,17.69,17.77,17.65,17.76,122128
2021-10-21,17.74,17.75,17.685,17.74,122125
2021-10-22,17.94,18.02,17.74,17.85,215565
2021-10-25,17.95,18,17.93,17.97,280791
2021-10-26,17.86,17.86,17.7221,17.83,311625
2021-10-27,17.83,17.89,17.75,17.885,288478
2021-10-28,17.96,18,17.82,17.87,183596
2021-10-29,17.69,17.74,17.63,17.73,213673
2021-11-01,17.8,17.8557,17.77,17.83,216429
2021-11-02,17.82,17.83,17.765,17.78,157496
2021-11-03,17.6,17.6458,17.49,17.64,336774
2021-11-04,17.81,17.885,17.81,17.83,236965
2021-11-05,17.91,18.07,17.86,18.06,360199
2021-11-08,18.13,18.16,18.1,18.14,163345
2021-11-09,18.17,18.215,18.105,18.21,170583
2021-11-10,18.46,18.56,18.31,18.41,399818
2021-11-11,18.5,18.5301,18.4829,18.525,232125
2021-11-12,18.46,18.575,18.45,18.56,302134
2021-11-15,18.53,18.57,18.48,18.53,272219
2021-11-16,18.52,18.555,18.39,18.4,504171
2021-11-17,18.54,18.57,18.495,18.56,286857
2021-11-18,18.51,18.55,18.46,18.5,230021
2021-11-19,18.47,18.5187,18.33,18.37,225225
2021-11-22,18.08,18.13,17.92,17.94,345466
2021-11-23,17.79,17.83,17.7145,17.8,276567
2021-11-24,17.73,17.81,17.7,17.78,269943
2021-11-26,17.95,17.95,17.705,17.75,334606
2021-11-29,17.75,17.79,17.71,17.73,171900
2021-11-30,17.84,17.98,17.595,17.61,250728
2021-12-01,17.74,17.81,17.675,17.675,171463
2021-12-02,17.65,17.655,17.515,17.58,278397
2021-12-03,17.62,17.755,17.57,17.72,151971
2021-12-06,17.67,17.74,17.66,17.68,182507
2021-12-07,17.68,17.77,17.68,17.74,160450
2021-12-08,17.72,17.76,17.7,17.74,132764
2021-12-09,17.71,17.72,17.63,17.65,141119
2021-12-10,17.73,17.7528,17.68,17.72,127581
2021-12-13,17.75,17.785,17.735,17.77,161087
2021-12-14,17.58,17.67,17.57,17.6099,172597
2021-12-15,17.59,17.7,17.45,17.6802,203790
2021-12-16,17.76,17.89,17.76,17.89,274194
2021-12-17,17.96,17.99,17.855,17.855,110987
2021-12-20,17.87,17.87,17.78,17.79,266957
2021-12-21,17.85,17.855,17.74,17.77,100046
2021-12-22,17.84,17.94,17.785,17.93,57205
2021-12-23,17.94,17.9999,17.89,17.99,101432
2021-12-27,17.98,18.0295,17.955,18.01,200392
2021-12-28,18.02,18.04,17.94,17.94,123737
2021-12-29,17.8,17.945,17.8,17.93,272015
2021-12-30,17.91,18.06,17.91,18.06,120774
2021-12-31,18.14,18.19,18.0935,18.18,141334
2022-01-03,17.97,17.98,17.88,17.91,195108
2022-01-04,17.97,18.05,17.9561,18.05,79174
2022-01-05,18.16,18.18,17.98,18,165370
2022-01-06,17.79,17.8425,17.76,17.77,193233
2022-01-07,17.8,17.875,17.7668,17.86,84086
2022-01-10,17.82,17.91,17.805,17.91,135024
2022-01-11,17.93,18.13,17.92,18.13,136981
2022-01-12,18.12,18.17,18.09,18.17,121847
2022-01-13,18.09,18.11,18.02,18.11,124819
2022-01-14,18.12,18.145,18.04,18.05,105789
2022-01-18,18.05,18.08,18,18.02,129942
2022-01-19,18.14,18.32,18.13,18.31,128597
2022-01-20,18.34,18.37,18.26,18.28,110428
2022-01-21,18.32,18.32,18.1701,18.21,107822
2022-01-24,18.29,18.315,18.1899,18.3,382395
2022-01-25,18.31,18.4199,18.29,18.37,334944
2022-01-26,18.25,18.2789,18.05,18.08,14338158
2022-01-27,17.89,17.99,17.81,17.84,1406633
2022-01-28,17.73,17.82,17.71,17.77,584853
2022-01-31,17.87,17.89,17.83,17.885,205894
2022-02-01,17.93,17.97,17.87,17.91,249290
2022-02-02,17.92,17.9933,17.91,17.96,305820
2022-02-03,17.9,17.96,17.7799,17.94,385165
2022-02-04,17.89,17.98,17.88,17.97,217919
2022-02-07,18.04,18.12,18.011,18.1,139649
2022-02-08,18.1,18.17,18.09,18.15,154658
2022-02-09,18.17,18.25,18.1544,18.21,244859
2022-02-10,18.15,18.305,18.14,18.16,390673
2022-02-11,18.18,18.54,18.175,18.49,1133791
2022-02-14,18.5,18.625,18.49,18.6,393990
2022-02-15,18.43,18.4499,18.35,18.41,194763
2022-02-16,18.46,18.61,18.46,18.6,192365
2022-02-17,18.81,18.89,18.78,18.875,735969
2022-02-18,18.85,18.865,18.79,18.86,252855
2022-02-22,18.92,18.9507,18.8292,18.89,419443
2022-02-23,18.89,18.9899,18.88,18.97,208142
2022-02-24,19.44,19.44,18.67,18.86,2235167
2022-02-25,18.79,18.81,18.7144,18.79,359191
2022-02-28,19.03,19.05,18.795,18.99,1131978
2022-03-01,19.07,19.345,19.06,19.34,1413683
2022-03-02,19.18,19.23,19.04,19.14,1836238
2022-03-03,19.15,19.295,19.11,19.25,578524
2022-03-04,19.39,19.58,19.305,19.5593,1331449
2022-03-07,19.65,19.869,19.61,19.85,1644835
2022-03-08,20.06,20.57,20.04,20.39,2546151
2022-03-09,19.8,19.928,19.67,19.79,1198978
2022-03-10,19.9,19.94,19.7,19.84,1550480
2022-03-11,19.57,19.78,19.53,19.7,1518658
2022-03-14,19.48,19.5057,19.37,19.41,468496
2022-03-15,19.07,19.1764,18.95,19.04,729506
2022-03-16,19.08,19.18,18.835,19.17,1090282
2022-03-17,19.29,19.3799,19.2363,19.26,617732
2022-03-18,19.16,19.2599,19.0603,19.08,737625
2022-03-21,19.11,19.29,19.1,19.23,1043435
2022-03-22,19.13,19.13,18.985,19.1,372353
2022-03-23,19.2,19.36,19.1399,19.34,238815
2022-03-24,19.42,19.5399,19.36,19.5,451890
2022-03-25,19.35,19.4959,19.3177,19.42,639021
2022-03-28,19.21,19.305,19.05,19.07,509037
2022-03-29,18.86,19.09,18.82,19.03,9207631
2022-03-30,19.14,19.255,19.13,19.215,859874
2022-03-31,19.26,19.36,19.22,19.23,724480
2022-04-01,19.13,19.203,19.061,19.11,1559872
2022-04-04,19.2,19.25,19.13,19.2025,1292352
2022-04-05,19.25,19.31,19.0599,19.08,521795
2022-04-06,19.14,19.19,19.0399,19.13,411717
2022-04-07,19.16,19.26,19.15,19.19,348971
2022-04-08,19.23,19.3599,19.23,19.31,1074990
2022-04-11,19.51,19.5239,19.29,19.41,1129997
2022-04-12,19.58,19.6557,19.48,19.57,1059428
2022-04-13,19.65,19.69,19.6099,19.65,354569
2022-04-14,19.63,19.63,19.49,19.59,592409
2022-04-18,19.79,19.8101,19.635,19.65,513638
2022-04-19,19.51,19.5599,19.31,19.345,572773
2022-04-20,19.35,19.45,19.32,19.45,525446
2022-04-21,19.35,19.4101,19.25,19.38,500799
2022-04-22,19.25,19.335,19.14,19.19,778434
2022-04-25,18.87,18.9,18.79,18.86,1903574
2022-04-26,18.94,18.9899,18.835,18.87,707797
2022-04-27,18.8,18.805,18.6899,18.77,4754751
2022-04-28,18.82,18.8499,18.719,18.835,1082697
2022-04-29,18.96,19.0199,18.82,18.835,1934143
2022-05-02,18.5,18.5957,18.42,18.5,1631602
2022-05-03,18.51,18.655,18.51,18.535,824453
2022-05-04,18.56,18.7799,18.49,18.72,1765973
2022-05-05,18.92,18.92,18.6048,18.65,2065903
2022-05-06,18.67,18.8,18.62,18.68,640366
2022-05-09,18.57,18.57,18.4,18.41,915408
2022-05-10,18.51,18.52,18.21,18.27,12582412
2022-05-11,18.36,18.4499,18.34,18.41,2775816
2022-05-12,18.33,18.37,18.095,18.125,2750350
2022-05-13,17.92,18.065,17.8999,17.97,1342319
2022-05-16,17.93,18.15,17.93,18.14,1563164
2022-05-17,18.16,18.16,18.015,18.04,1434518
2022-05-18,18.01,18.1257,17.9855,18.04,229230
2022-05-19,18.27,18.3699,18.2,18.31,528676
2022-05-20,18.29,18.3459,18.21,18.32,468030
2022-05-23,18.44,18.462,18.355,18.41,883445
2022-05-24,18.47,18.57,18.47,18.5425,512105
2022-05-25,18.41,18.44,18.29,18.425,713221
2022-05-26,18.33,18.41,18.3,18.4,1166793
2022-05-27,18.45,18.48,18.385,18.41,1406583
2022-05-31,18.4,18.43,18.225,18.235,1727678
2022-06-01,18.33,18.37,18.25,18.345,800814
2022-06-02,18.49,18.579,18.48,18.565,743849
2022-06-03,18.49,18.53,18.3491,18.38,3588426
2022-06-06,18.41,18.4187,18.285,18.3,837708
2022-06-07,18.33,18.435,18.32,18.42,1246072
2022-06-08,18.41,18.47,18.39,18.395,792322
2022-06-09,18.36,18.38,18.2757,18.345,1205939
2022-06-10,18.21,18.635,18.1624,18.595,3207761
2022-06-13,18.24,18.255,18.07,18.11,2131281
2022-06-14,18.07,18.08,17.93,17.96,962751
2022-06-15,18.15,18.29,18.0169,18.19,1233428
2022-06-16,18.16,18.4,18.13,18.395,1254434
2022-06-17,18.34,18.3599,18.2101,18.25,1530908
2022-06-21,18.22,18.31,18.1699,18.185,957137
2022-06-22,18.27,18.35,18.235,18.25,1310304
2022-06-23,18.25,18.33,18.1,18.135,605744
2022-06-24,18.13,18.185,18.09,18.12,512564
2022-06-27,18.18,18.1863,18.085,18.1,689296
2022-06-28,18.12,18.12,18.0595,18.075,629252
2022-06-29,18.17,18.1899,18.02,18.07,1273094
2022-06-30,18.05,18.09,17.92,17.94,1003464
2022-07-01,17.8,17.965,17.79,17.93,816035
2022-07-05,17.82,17.825,17.5101,17.55,1494595
2022-07-06,17.5,17.527,17.205,17.275,675483
2022-07-07,17.3,17.3633,17.27,17.29,525849
2022-07-08,17.29,17.4,17.245,17.29,1664706
2022-07-11,17.25,17.31,17.19,17.19,1072935
2022-07-12,17.17,17.215,17.12,17.135,1028031
2022-07-13,17.05,17.33,17.05,17.215,1233084
2022-07-14,16.95,17.02,16.86,16.97,1502388
2022-07-15,16.95,16.961,16.87,16.94,1279975
2022-07-18,17.05,17.09,16.945,16.955,877635
2022-07-19,17,17.03,16.975,16.995,825052
2022-07-20,17.02,17.02,16.84,16.845,553304
2022-07-21,16.86,17.08,16.86,17.075,2769024
2022-07-22,17.1,17.27,17.085,17.12,1166285
2022-07-25,17.12,17.125,17.02,17.07,550516
2022-07-26,17.07,17.0975,17.0293,17.055,319610
2022-07-27,17.04,17.28,17,17.22,960701
2022-07-28,17.4,17.4408,17.35,17.43,1172643
2022-07-29,17.46,17.54,17.4,17.49,176631
2022-08-01,17.58,17.625,17.515,17.58,1538542
2022-08-02,17.66,17.73,17.46,17.53,12098346
2022-08-03,17.55,17.56,17.4199,17.52,1329117
2022-08-04,17.65,17.82,17.62,17.81,1009713
2022-08-05,17.53,17.66,17.53,17.6,1608547
2022-08-08,17.68,17.7693,17.675,17.75,686611
2022-08-09,17.85,17.87,17.77,17.81,637926
2022-08-10,17.82,17.8901,17.755,17.77,880824
2022-08-11,17.8,17.8506,17.72,17.725,662771
2022-08-12,17.8,17.89,17.78,17.885,1034106
2022-08-15,17.68,17.71,17.625,17.66,877377
2022-08-16,17.61,17.6599,17.605,17.63,729738
2022-08-17,17.61,17.61,17.475,17.515,1324006
2022-08-18,17.54,17.57,17.425,17.47,1221565
2022-08-19,17.435,17.435,17.33,17.33,756794
2022-08-22,17.23,17.27,17.1993,17.23,939272
2022-08-23,17.26,17.415,17.255,17.35,5518914
2022-08-24,17.32,17.435,17.31,17.4,1638798
2022-08-25,17.47,17.4735,17.395,17.45,1666760
2022-08-26,17.39,17.435,17.21,17.24,3454064
2022-08-29,17.25,17.33,17.235,17.25,937674
2022-08-30,17.195,17.2,17.085,17.11,1931226
2022-08-31,17,17.105,16.97,16.97,1709369
2022-09-01,16.85,16.88,16.76,16.82,2419533
2022-09-02,16.98,17.055,16.96,16.97,6593754
2022-09-06,16.96,16.98,16.86,16.875,1121604
2022-09-07,16.85,17.065,16.85,17.05,2037697
2022-09-08,17.01,17.035,16.91,16.95,1238174
2022-09-09,17.02,17.08,16.99,17.035,1364934
2022-09-12,17.17,17.2203,17.11,17.12,1994037
2022-09-13,16.88,16.965,16.88,16.89,1673008
2022-09-14,16.9,16.9379,16.8101,16.83,429994
2022-09-15,16.71,16.785,16.48,16.52,999659
2022-09-16,16.48,16.68,16.445,16.61,1352178
2022-09-19,16.5,16.63,16.5,16.61,1064219
2022-09-20,16.52,16.5401,16.4801,16.525,504443
2022-09-21,16.62,16.7509,16.42,16.6,1958179
2022-09-22,16.65,16.6701,16.555,16.59,977707
2022-09-23,16.4,16.4099,16.27,16.31,1895207
2022-09-26,16.32,16.35,16.095,16.12,1848247
2022-09-27,16.23,16.2799,16.14,16.15,2775313
2022-09-28,16.33,16.51,16.31,16.48,1284449
2022-09-29,16.43,16.525,16.33,16.48,1320876
2022-09-30,16.52,16.625,16.48,16.495,347245
2022-10-03,16.56,16.89,16.55,16.875,585071
2022-10-04,16.97,17.16,16.931,17.12,313936
2022-10-05,16.98,17.06,16.885,17.03,188615
2022-10-06,16.99,17.03,16.9496,17.015,85231
2022-10-07,16.88,16.9411,16.81,16.825,79806
2022-10-10,16.62,16.65,16.5361,16.57,147587
2022-10-11,16.57,16.715,16.5193,16.54,184319
2022-10-12,16.575,16.65,16.5544,16.625,118914
2022-10-13,16.36,16.6,16.3001,16.515,490427
2022-10-14,16.42,16.43,16.28,16.305,525706
2022-10-17,16.52,16.55,16.345,16.35,461965
2022-10-18,16.43,16.435,16.335,16.385,521512
2022-10-19,16.21,16.25,16.1547,16.1625,711551
2022-10-20,16.195,16.33,16.125,16.148,579542
2022-10-21,16.205,16.45,16.18,16.43,570827
2022-10-24,16.355,16.41,16.3199,16.38,446331
2022-10-25,16.405,16.49,16.395,16.41,633233
2022-10-26,16.5,16.595,16.495,16.52,534675
2022-10-27,16.495,16.53,16.44,16.495,556599
2022-10-28,16.31,16.35,16.255,16.325,492496
2022-10-31,16.225,16.3,16.195,16.195,622934
2022-11-01,16.39,16.42,16.295,16.355,906109
2022-11-02,16.44,16.565,16.23,16.24,1990395
2022-11-03,16.065,16.2,16.055,16.185,1316811
2022-11-04,16.525,16.69,16.495,16.68,1295994
2022-11-07,16.655,16.69,16.61,16.615,719717
2022-11-08,16.635,17.04,16.6301,16.99,3309345
2022-11-09,16.99,17.095,16.8919,16.915,1868180
2022-11-10,17.32,17.43,17.24,17.425,1503333
2022-11-11,17.475,17.55,17.425,17.54,2085268
2022-11-14,17.505,17.6199,17.5,17.58,1826584
2022-11-15,17.63,17.7204,17.54,17.645,3244616
2022-11-16,17.64,17.665,17.575,17.605,2226729
2022-11-17,17.47,17.495,17.4201,17.475,1521201
2022-11-18,17.425,17.45,17.345,17.35,1968666
2022-11-21,17.315,17.315,17.19,17.255,1035685
2022-11-22,17.3,17.3387,17.24,17.27,1722580
2022-11-23,17.23,17.4,17.2201,17.38,2783475
2022-11-25,17.365,17.4199,17.355,17.395,1052191
2022-11-28,17.365,17.3866,17.26,17.26,3018296
2022-11-29,17.345,17.4487,17.335,17.35,2029888
2022-11-30,17.44,17.57,17.32,17.56,3785049
2022-12-01,17.85,17.905,17.8,17.89,3188988
2022-12-02,17.72,17.86,17.6701,17.835,990423
2022-12-05,17.76,17.775,17.525,17.53,1256673
2022-12-06,17.62,17.65,17.539,17.575,608645
2022-12-07,17.645,17.765,17.625,17.73,865634
2022-12-08,17.76,17.8099,17.71,17.745,472327
2022-12-09,17.835,17.9105,17.7785,17.81,474934
2022-12-12,17.75,17.7591,17.6401,17.66,220356
2022-12-13,18.04,18.1,17.92,17.96,419623
2022-12-14,17.96,17.995,17.83,17.925,451344
2022-12-15,17.675,17.7176,17.608,17.63,224202
2022-12-16,17.7,17.81,17.69,17.785,742185
2022-12-19,17.77,17.82,17.709,17.73,329180
2022-12-20,17.93,18.08,17.92,18.035,609870
2022-12-21,18.025,18.09,17.99,18,379537
2022-12-22,17.895,17.895,17.71,17.78,598812
2022-12-23,17.8,17.89,17.78,17.835,341142
2022-12-27,17.9,18.19,17.9,17.985,362444
2022-12-28,17.91,17.945,17.83,17.9,369175
2022-12-29,17.97,18.055,17.97,18.005,270113
2022-12-30,18.055,18.11,18,18.09,138431
2023-01-03,18.27,18.35,18.14,18.24,319883
2023-01-04,18.43,18.452,18.34,18.41,185055
2023-01-05,18.22,18.23,18.11,18.19,195378
2023-01-06,18.315,18.555,18.2675,18.52,659832
2023-01-09,18.62,18.665,18.545,18.565,675216
2023-01-10,18.63,18.6599,18.57,18.635,344332
2023-01-11,18.64,18.645,18.53,18.62,594752
2023-01-12,18.775,18.845,18.66,18.84,624964
2023-01-13,18.875,19.07,18.87,19.06,892787
2023-01-17,19.01,19.01,18.895,18.94,447994
2023-01-18,19.075,19.1,18.87,18.885,734036
2023-01-19,19.02,19.195,18.995,19.185,716942
2023-01-20,19.095,19.1599,19.06,19.125,446329
2023-01-23,19.025,19.17,18.98,19.16,463477
2023-01-24,19.15,19.225,19.04,19.225,483594
2023-01-25,19.13,19.32,19.13,19.315,731490
2023-01-26,19.215,19.22,19.04,19.14,642612
2023-01-27,19.125,19.17,19.0185,19.1199,744831
2023-01-30,19.125,19.14,19.055,19.07,691243
2023-01-31,19.075,19.155,19.046,19.13,674515
2023-02-01,19.17,19.39,19.0585,19.375,1235442
2023-02-02,19.32,19.32,18.96,18.97,1375068
2023-02-03,18.66,18.7,18.465,18.5,1324940
2023-02-06,18.57,18.6,18.4828,18.54,8385405
2023-02-07,18.525,18.68,18.5097,18.555,789790
2023-02-08,18.665,18.665,18.54,18.6,438883
2023-02-09,18.72,18.72,18.44,18.455,831709
2023-02-10,18.525,18.525,18.415,18.49,799987
2023-02-13,18.415,18.44,18.355,18.38,780314
2023-02-14,18.34,18.5009,18.29,18.4,2583742
2023-02-15,18.195,18.2399,18.15,18.225,1251112
2023-02-16,18.165,18.306,18.13,18.21,986989
2023-02-17,18.115,18.29,18.09,18.265,757861
2023-02-21,18.26,18.29,18.1701,18.2,465986
2023-02-22,18.22,18.2301,18.084,18.09,8822983
2023-02-23,18.115,18.1301,18.04,18.085,837322
2023-02-24,17.965,18.01,17.94,17.96,614238
2023-02-27,18.015,18.056,17.984,18.025,559721
2023-02-28,18.01,18.166,17.9836,18.12,488329
2023-03-01,18.24,18.295,18.195,18.22,448022
2023-03-02,18.185,18.24,18.171,18.21,474065
2023-03-03,18.29,18.41,18.25,18.405,1554631
2023-03-06,18.38,18.386,18.3,18.31,1424286
2023-03-07,18.175,18.18,17.98,17.99,1637008
2023-03-08,17.985,18.09,17.985,17.985,1595873
2023-03-09,18.105,18.2003,18.105,18.155,1140812
2023-03-10,18.345,18.55,18.345,18.55,2207582
2023-03-13,18.86,18.99,18.81,18.97,2859594
2023-03-14,18.93,18.946,18.8,18.87,1678829
2023-03-15,19.08,19.21,18.93,19.005,2525821
2023-03-16,19.15,19.1699,18.975,19.045,2468062
2023-03-17,19.31,19.719,19.29,19.595,2316889
2023-03-20,19.66,19.685,19.495,19.61,1755735
2023-03-21,19.49,19.49,19.19,19.24,2145436
2023-03-22,19.25,19.625,19.24,19.565,2997311
2023-03-23,19.63,19.87,19.595,19.815,2614248
2023-03-24,19.81,19.84,19.595,19.6,2511723
2023-03-27,19.335,19.4399,19.28,19.41,2664420
2023-03-28,19.46,19.59,19.43,19.57,2625498
2023-03-29,19.48,19.555,19.45,19.47,1057702
2023-03-30,19.5,19.676,19.484,19.65,883605
2023-03-31,19.645,19.67,19.51,19.5497,1035240
2023-04-03,19.62,19.75,19.56,19.69,2613571
2023-04-04,19.715,20.085,19.705,20.055,2776702
2023-04-05,20.1,20.15,19.93,20.04,2336019
2023-04-06,19.945,19.9899,19.8495,19.89,3308715
2023-04-10,19.76,19.7773,19.656,19.75,1993119
2023-04-11,19.84,19.9,19.81,19.875,1930128
2023-04-12,20.01,20.02,19.855,19.98,7099687
2023-04-13,20.25,20.32,20.1709,20.23,2650758
2023-04-14,20.075,20.11,19.765,19.885,2197601
2023-04-17,19.84,19.845,19.65,19.8,2679954
2023-04-18,19.77,19.955,19.75,19.875,2330894
2023-04-19,19.675,19.81,19.665,19.775,2379968
2023-04-20,19.86,19.9515,19.825,19.87,2509103
2023-04-21,19.74,19.815,19.55,19.66,3029523
2023-04-24,19.645,19.7499,19.5895,19.725,2763779
2023-04-25,19.73,19.875,19.67,19.825,3291010
2023-04-26,19.92,19.92,19.675,19.715,1368418
2023-04-27,19.63,19.745,19.57,19.715,1264275
2023-04-28,19.72,19.78,19.65,19.73,922220
2023-05-01,19.86,19.87,19.63,19.635,1278050
2023-05-02,19.71,20.025,19.695,20.01,1248181
2023-05-03,20.015,20.19,19.94,20.175,2071183
2023-05-04,20.155,20.43,20.15,20.32,2329772
2023-05-05,19.92,20.025,19.824,20.01,2223066
2023-05-08,20.05,20.125,20.0105,20.03,469369
2023-05-09,20.08,20.205,20.07,20.17,247044
2023-05-10,20.17,20.23,20.05,20.14,549894
2023-05-11,20.11,20.14,19.945,19.97,960122
2023-05-12,20.01,20.05,19.9197,19.94,461356
2023-05-15,19.99,20.05,19.97,19.98,768709
2023-05-16,19.915,19.935,19.69,19.73,1145915
2023-05-17,19.675,19.6892,19.585,19.665,1568659
2023-05-18,19.44,19.46,19.36,19.41,1369302
2023-05-19,19.455,19.67,19.405,19.595,1517023
2023-05-22,19.555,19.625,19.529,19.555,1222670
2023-05-23,19.53,19.6112,19.48,19.58,685996
2023-05-24,19.59,19.595,19.4,19.42,1623702
2023-05-25,19.33,19.355,19.2201,19.24,1332550
2023-05-26,19.32,19.35,19.22,19.31,718143
2023-05-30,19.4,19.466,19.35,19.435,724503
2023-05-31,19.465,19.575,19.45,19.465,1356588
2023-06-01,19.515,19.66,19.51,19.605,1061813
2023-06-02,19.59,19.59,19.31,19.32,1813812
2023-06-05,19.3,19.47,19.29,19.44,1139708
2023-06-06,19.46,19.4908,19.38,19.465,1404146
2023-06-07,19.42,19.53,19.23,19.23,1121203
2023-06-08,19.425,19.5309,19.425,19.48,1418769
2023-06-09,19.46,19.5099,19.395,19.43,1003851
2023-06-12,19.4,19.42,19.32,19.41,1373269
2023-06-13,19.43,19.469,19.23,19.26,1341649
2023-06-14,19.39,19.4199,19.23,19.27,3838002
2023-06-15,19.245,19.4379,19.2352,19.42,1252964
2023-06-16,19.43,19.49,19.365,19.385,1231592
2023-06-20,19.22,19.22,19.13,19.19,1623073
2023-06-21,19.13,19.2051,19.03,19.165,1883686
2023-06-22,19.04,19.107,18.96,18.975,1369216
2023-06-23,19.175,19.21,19.0101,19.025,1119183
2023-06-26,19.11,19.12,19.05,19.06,979185
2023-06-27,19.115,19.13,18.94,18.97,909676
2023-06-28,18.91,18.97,18.87,18.92,1147870
2023-06-29,18.77,18.9609,18.7699,18.92,772033
2023-06-30,18.96,19.055,18.93,19.035,1183890
2023-07-03,19.07,19.1551,19.05,19.05,920828
2023-07-05,19.15,19.1504,18.98,18.99,758030
2023-07-06,18.945,18.98,18.86,18.93,1179398
2023-07-07,19.04,19.1701,19.04,19.075,910257
2023-07-10,19.045,19.1,19.035,19.09,706550
2023-07-11,19.15,19.185,19.1201,19.155,617011
2023-07-12,19.33,19.425,19.33,19.415,956621
2023-07-13,19.42,19.445,19.375,19.43,956111
2023-07-14,19.39,19.45,19.34,19.37,1375976
2023-07-17,19.32,19.39,19.2839,19.38,913118
2023-07-18,19.51,19.67,19.4607,19.605,708267
2023-07-19,19.58,19.6252,19.52,19.61,810260
2023-07-20,19.615,19.6199,19.4831,19.51,905148
2023-07-21,19.44,19.476,19.395,19.455,882428
2023-07-24,19.455,19.48,19.36,19.365,921505
2023-07-25,19.4,19.485,19.35,19.47,557304
2023-07-26,19.5,19.606,19.465,19.57,1183127
2023-07-27,19.395,19.395,19.25,19.265,1485117
2023-07-28,19.375,19.456,19.36,19.415,746941
2023-07-31,19.47,19.55,19.46,19.465,1125800
2023-08-01,19.31,19.35,19.24,19.27,1038397
2023-08-02,19.28,19.3001,19.155,19.175,775494
2023-08-03,19.16,19.211,19.145,19.17,1027228
2023-08-04,19.24,19.3,19.2,19.235,1024161
2023-08-07,19.23,19.23,19.1401,19.19,735575
2023-08-08,19.07,19.145,19.05,19.07,702268
2023-08-09,19.075,19.1,18.98,18.98,559343
2023-08-10,19.03,19.075,18.959,18.965,896826
2023-08-11,18.975,19.0342,18.955,18.965,871738
2023-08-14,18.89,18.96,18.86,18.905,1049847
2023-08-15,18.875,18.95,18.83,18.855,1262083
2023-08-16,18.865,18.895,18.75,18.75,1064980
2023-08-17,18.85,18.8599,18.68,18.71,4161400
2023-08-18,18.77,18.7969,18.699,18.72,1110854
2023-08-21,18.78,18.78,18.68,18.77,1108552
2023-08-22,18.775,18.82,18.72,18.805,1360121
2023-08-23,18.93,19.0299,18.92,18.995,1538675
2023-08-24,18.965,19.055,18.95,18.995,983909
2023-08-25,18.96,19.04,18.86,18.97,1929203
2023-08-28,18.98,19.09,18.96,19.025,801915
2023-08-29,19.01,19.21,19,19.205,1139162
2023-08-30,19.28,19.31,19.25,19.255,596148
2023-08-31,19.255,19.275,19.215,19.225,643317
2023-09-01,19.31,19.34,19.17,19.23,1200307
2023-09-05,19.155,19.1642,19.08,19.08,1256478
2023-09-06,19.045,19.1155,18.98,18.99,918069
2023-09-07,19.045,19.05,19,19.015,711034
2023-09-08,19.05,19.12,19,19.015,610484
2023-09-11,19.115,19.126,19.04,19.055,867510
2023-09-12,18.915,18.9756,18.905,18.955,1289049
2023-09-13,18.96,18.98,18.905,18.91,1558925
2023-09-14,18.85,18.945,18.8301,18.915,1076374
2023-09-15,19.07,19.1291,19.02,19.05,1244568
2023-09-18,19.11,19.16,19.055,19.155,1187840
2023-09-19,19.17,19.185,19.12,19.14,1343108
2023-09-20,19.155,19.2952,19.15,19.16,1387445
2023-09-21,19,19.0642,18.98,19.03,1235767
2023-09-22,19.08,19.1142,19.065,19.08,753443
2023-09-25,19.055,19.0801,18.9701,18.9784,945903
2023-09-26,18.885,18.915,18.8157,18.83,1470786
2023-09-27,18.72,18.72,18.55,18.595,972121
2023-09-28,18.575,18.6,18.41,18.5,2026970
2023-09-29,18.57,18.5843,18.2901,18.31,1571537
2023-10-02,18.185,18.2023,18.105,18.12,1312722
2023-10-03,18.065,18.16,18.02,18.075,1260289
2023-10-04,18.07,18.1,18,18.065,1808542
2023-10-05,18.02,18.05,17.9701,18.035,1338592
2023-10-06,18.07,18.18,17.9998,18.125,1887008
2023-10-09,18.285,18.4699,18.28,18.46,1566493
2023-10-10,18.38,18.455,18.365,18.435,1368837
2023-10-11,18.54,18.6,18.515,18.565,1602114
2023-10-12,18.595,18.61,18.505,18.51,1781992
2023-10-13,18.9,19.13,18.88,19.105,1582890
2023-10-16,19,19.0458,18.9699,19.01,784454
2023-10-17,19.055,19.13,19.013,19.045,1484152
2023-10-18,19.32,19.445,19.2,19.32,1643012
2023-10-19,19.34,19.59,19.3142,19.56,2484084
2023-10-20,19.6,19.785,19.56,19.61,2151096
2023-10-23,19.6,19.6058,19.515,19.545,1086856
2023-10-24,19.44,19.59,19.415,19.54,983272
2023-10-25,19.595,19.681,19.45,19.62,1700320
2023-10-26,19.585,19.701,19.5301,19.66,1023937
2023-10-27,19.635,19.905,19.6,19.88,1433884
2023-10-30,19.825,19.83,19.74,19.77,739319
2023-10-31,19.775,19.89,19.61,19.665,1635201
2023-11-01,19.65,19.75,19.52,19.605,2186840
2023-11-02,19.67,19.685,19.6,19.665,1041105
2023-11-03,19.7,19.81,19.69,19.74,1283274
2023-11-06,19.675,19.685,19.59,19.595,982394
2023-11-07,19.475,19.52,19.42,19.51,1222698
2023-11-08,19.45,19.455,19.2921,19.315,1429768
2023-11-09,19.335,19.4742,19.33,19.39,1600549
2023-11-10,19.29,19.29,19.1577,19.18,1743759
2023-11-13,19.17,19.31,19.145,19.31,4484930
2023-11-14,19.415,19.52,19.405,19.455,2487641
2023-11-15,19.44,19.4677,19.38,19.405,1716973
2023-11-16,19.53,19.69,19.53,19.625,1554958
2023-11-17,19.655,19.67,19.6,19.62,1102724
2023-11-20,19.475,19.6,19.465,19.59,1339987
2023-11-21,19.81,19.885,19.78,19.8,1092341
2023-11-22,19.83,19.84,19.694,19.72,2351325
2023-11-24,19.81,19.845,19.784,19.825,724491
2023-11-27,19.93,19.96,19.8601,19.955,2909525
2023-11-28,20.08,20.235,20.0399,20.22,1633334
2023-11-29,20.21,20.3,20.195,20.255,1257245
2023-11-30,20.185,20.2198,20.1203,20.165,1528807
2023-12-01,20.175,20.56,20.17,20.515,1831889
2023-12-04,20.26,20.34,20.01,20.075,2073524
2023-12-05,20.05,20.07,19.9101,20,1954361
2023-12-06,20.125,20.13,20.04,20.075,974141
2023-12-07,20.14,20.15,20.0188,20.105,1551268
2023-12-08,19.875,19.9585,19.76,19.845,1951536
2023-12-11,19.725,19.725,19.5701,19.62,1709153
2023-12-12,19.65,19.6599,19.5877,19.615,1077414
2023-12-13,19.645,20.05,19.6,20.05,3117666
2023-12-14,20.18,20.2803,20.0912,20.17,1919126
2023-12-15,20.145,20.19,19.9685,19.985,1895303
2023-12-18,20.04,20.1405,20.01,20.06,3420168
2023-12-19,20.12,20.2742,20.1077,20.205,1353775
2023-12-20,20.165,20.1899,20.09,20.1,1249986
2023-12-21,20.23,20.26,20.174,20.24,2053897
2023-12-22,20.475,20.505,20.3185,20.335,1429706
2023-12-26,20.41,20.49,20.35,20.48,1113340
2023-12-27,20.54,20.6423,20.48,20.585,1610123
2023-12-28,20.16,20.615,20.16,20.47,1487495
2023-12-29,20.415,20.49,20.4,20.435,1690041
2024-01-02,20.455,20.51,20.36,20.385,1361560
2024-01-03,20.175,20.29,20.114,20.215,2110058
2024-01-04,20.21,20.28,20.17,20.235,1076870
2024-01-05,20.28,20.44,20.2,20.24,3090688
2024-01-08,20.01,20.175,20,20.08,1854809
2024-01-09,20.17,20.1701,20.0657,20.08,2333775
2024-01-10,20.105,20.14,20.01,20.04,2325379
2024-01-11,20.095,20.15,19.94,20.075,3556172
2024-01-12,20.37,20.42,20.22,20.28,2559515
2024-01-16,20.215,20.2223,20.045,20.085,2549429
2024-01-17,20.03,20.03,19.82,19.87,3328611
2024-01-18,19.92,20.03,19.9199,20.03,1630974
2024-01-19,20.125,20.125,20.0399,20.085,2129483
2024-01-22,20,20.07,19.97,20.01,3069448
2024-01-23,20.04,20.105,20.02,20.08,2131205
2024-01-24,20.13,20.13,19.915,19.925,2987577
2024-01-25,20.02,20.0509,19.93,20.005,1990704
2024-01-26,20.015,20.02,19.96,19.99,1407613
2024-01-29,20.14,20.15,20.0099,20.13,1533695
2024-01-30,20.27,20.29,20.095,20.17,1624875
2024-01-31,20.24,20.36,20.11,20.145,2043551
2024-02-01,20.28,20.456,20.21,20.35,3558720
2024-02-02,20.105,20.1899,20.0799,20.155,2897038
2024-02-05,19.975,20.08,19.955,20.05,2747133
2024-02-06,20.09,20.19,20.07,20.155,1937309
2024-02-07,20.15,20.24,20.13,20.145,1445021
2024-02-08,20.09,20.155,20.0784,20.13,1445875
2024-02-09,20.06,20.08,20,20.05,1122812
2024-02-12,19.96,20.02,19.92,20,1417336
2024-02-13,19.82,19.82,19.705,19.73,2403243
2024-02-14,19.7,19.7601,19.6401,19.7,3663963
2024-02-15,19.84,19.886,19.78,19.845,1744999
2024-02-16,19.78,19.96,19.76,19.915,3564401
2024-02-20,20.09,20.1,20.03,20.045,1716323
2024-02-21,20.09,20.1,20.005,20.045,1682969
2024-02-22,20.055,20.06,19.9999,20.045,2060643
2024-02-23,20.05,20.22,20.04,20.16,1620910
2024-02-26,20.075,20.135,20.054,20.12,1732820
2024-02-27,20.16,20.17,20.0801,20.1,940681
2024-02-28,20.14,20.1542,20.1011,20.135,1004030
2024-02-29,20.27,20.3,20.23,20.235,1577388
2024-03-01,20.34,20.6751,20.23,20.63,1672552
2024-03-04,20.77,20.985,20.725,20.955,2422624
2024-03-05,21.11,21.18,21.02,21.08,2796733
2024-03-06,21.175,21.305,21.105,21.255,2182809
2024-03-07,21.335,21.4,21.265,21.37,2752614
2024-03-08,21.48,21.7301,21.4356,21.56,2632971
2024-03-11,21.565,21.64,21.545,21.6,2444716
2024-03-12,21.435,21.45,21.29,21.355,2245730
2024-03-13,21.44,21.5799,21.42,21.49,3057820
2024-03-14,21.425,21.4307,21.31,21.42,2853011
2024-03-15,21.375,21.445,21.3399,21.35,1854403
2024-03-18,21.35,21.4,21.33,21.385,1540568
2024-03-19,21.34,21.37,21.27,21.36,2176387
2024-03-20,21.29,21.6673,21.29,21.61,3271886
2024-03-21,21.8,21.8,21.45,21.6,3734311
2024-03-22,21.53,21.59,21.355,21.425,2505234
2024-03-25,21.515,21.59,21.49,21.495,2324540
2024-03-26,21.68,21.68,21.504,21.56,2615536
2024-03-27,21.635,21.726,21.635,21.71,2403647
2024-03-28,21.87,22.03,21.8,21.99,2897408
2024-04-01,22.32,22.32,22.06,22.22,2791533
2024-04-02,22.35,22.565,22.28,22.55,5542635
2024-04-03,22.52,22.76,22.49,22.75,3687893
2024-04-04,22.675,22.8224,22.57,22.625,4225702
2024-04-05,22.73,23.07,22.7,23,3101742
2024-04-08,23.09,23.185,22.95,23.15,3099474
2024-04-09,23.3,23.4,23.15,23.275,4797668
2024-04-10,23.03,23.29,22.96,23.055,5683815
2024-04-11,23.19,23.505,23.0876,23.49,3035861
2024-04-12,23.725,24.07,23.105,23.19,5015916
2024-04-15,23.305,23.64,23.01,23.63,5667297
2024-04-16,23.55,23.74,23.4,23.66,4066592
2024-04-17,23.65,23.7199,23.37,23.485,5193092
2024-04-18,23.67,23.6851,23.4599,23.565,3881365
2024-04-19,23.59,23.7751,23.5376,23.63,3777564
2024-04-22,23.14,23.2,23.01,23.06,3709634
2024-04-23,22.89,23.0801,22.87,22.995,3427807
2024-04-24,22.97,23.1399,22.93,22.96,3350164
2024-04-25,22.935,23.21,22.93,23.1,3116521
2024-04-26,23.185,23.21,23.05,23.165,2898980
2024-04-29,23.105,23.23,23.02,23.115,3341677
2024-04-30,22.82,22.9,22.66,22.675,3751227
2024-05-01,22.76,23.04,22.73,22.86,3694308
2024-05-02,22.67,22.855,22.615,22.795,2627553
2024-05-03,22.775,22.8009,22.55,22.78,3442622
2024-05-06,23.01,23.08,22.95,23.015,2855858
2024-05-07,22.95,22.985,22.87,22.91,2093189
2024-05-08,22.85,22.9799,22.84,22.845,1803169
2024-05-09,22.94,23.21,22.94,23.2,3080425
2024-05-10,23.45,23.485,23.325,23.39,2284827
2024-05-13,23.23,23.24,23.0895,23.135,2003059
2024-05-14,23.25,23.355,23.21,23.33,2173670
2024-05-15,23.43,23.6595,23.28,23.625,3974093
2024-05-16,23.56,23.5905,23.47,23.54,1744206
2024-05-17,23.765,23.9438,23.72,23.92,2843256
2024-05-20,23.95,24.125,23.86,24.015,2784906
2024-05-21,24.05,24.0909,23.925,23.985,2993737
2024-05-22,23.87,23.8809,23.5091,23.56,3958274
2024-05-23,23.4,23.4517,23.07,23.075,3770283
2024-05-24,23.22,23.24,23.08,23.105,1772955
2024-05-28,23.36,23.375,23.24,23.335,2469591
2024-05-29,23.205,23.22,23.1101,23.12,2040062
2024-05-30,23.16,23.2601,23.15,23.165,1651293
2024-05-31,23.3,23.31,22.9698,23.035,1801792
2024-06-03,23.1,23.3,23.06,23.23,2054184
2024-06-04,23.14,23.14,22.915,23.03,1839915
2024-06-05,23.18,23.33,23.1,23.295,3041657
2024-06-06,23.34,23.53,23.335,23.47,3024794
2024-06-07,23.02,23.02,22.635,22.64,3698093
2024-06-10,22.795,22.8999,22.765,22.84,1243579
2024-06-11,22.885,22.9302,22.8101,22.91,1173193
2024-06-12,23.17,23.17,22.91,22.97,2282787
2024-06-13,22.94,22.995,22.705,22.785,2039351
2024-06-14,23.04,23.11,22.9901,23.075,1726509
2024-06-17,22.985,23.03,22.85,22.95,1619332
2024-06-18,22.94,23.09,22.9,23.055,1304806
2024-06-20,23.13,23.3913,23.12,23.35,1422695
2024-06-21,23.31,23.3103,22.92,22.975,2068299
2024-06-24,23.06,23.1,23.02,23.075,1717282
2024-06-25,23,23.03,22.91,22.95,1266888
2024-06-26,22.725,22.795,22.7,22.745,1470588
2024-06-27,22.96,23.0511,22.945,23,1463071
2024-06-28,23.07,23.0842,22.98,23.005,1080883
2024-07-01,23.04,23.1,22.945,23.065,1090705
2024-07-02,23.04,23.11,22.965,23.06,1333953
2024-07-03,23.25,23.4011,23.25,23.325,1602953
2024-07-05,23.49,23.675,23.485,23.635,2095405
2024-07-08,23.5,23.5411,23.2589,23.335,2846737
2024-07-09,23.38,23.46,23.249,23.385,3150707
2024-07-10,23.55,23.615,23.445,23.46,1206982
2024-07-11,23.825,23.975,23.7,23.87,1579933
2024-07-12,23.755,23.927,23.74,23.87,2067134
2024-07-15,23.905,24.13,23.86,23.95,2549558
2024-07-16,24.12,24.43,24.11,24.43,1439162
2024-07-17,24.475,24.5654,24.25,24.31,1709592
2024-07-18,24.35,24.425,24.1301,24.16,1970454
2024-07-19,23.7,23.8201,23.69,23.73,2346304
2024-07-22,23.71,23.75,23.58,23.73,1046416
2024-07-23,23.79,23.8399,23.74,23.825,858347
2024-07-24,23.915,24.0606,23.725,23.73,2014242
2024-07-25,23.44,23.46,23.27,23.365,2869842
2024-07-26,23.54,23.6525,23.515,23.605,2305942
2024-07-29,23.68,23.7,23.44,23.575,2220951
2024-07-30,23.69,23.8509,23.575,23.815,3057565
2024-07-31,23.94,24.25,23.935,24.24,2974686
2024-08-01,24.27,24.3411,24.08,24.165,3187275
2024-08-02,24.4,24.48,23.845,24.12,4525776
2024-08-05,23.61,23.8774,23.57,23.82,2918103
2024-08-06,23.71,23.77,23.5601,23.625,1753674
2024-08-07,23.76,23.7899,23.585,23.6,1369904
2024-08-08,23.835,23.9901,23.815,23.97,1632410
2024-08-09,24.055,24.105,23.95,24.03,1557054
2024-08-12,24.19,24.46,24.18,24.44,1647148
2024-08-13,24.42,24.49,24.3599,24.4,1288509
2024-08-14,24.25,24.3353,24.1201,24.21,2080117
2024-08-15,24.24,24.35,24.09,24.28,1288721
2024-08-16,24.6,24.825,24.51,24.81,2925608
2024-08-19,24.64,24.805,24.59,24.79,1466720
2024-08-20,25.01,25.04,24.75,24.88,1751227
2024-08-21,24.81,24.93,24.67,24.845,1707645
2024-08-22,24.66,24.66,24.43,24.55,1385121
2024-08-23,24.74,24.905,24.675,24.835,2089450
2024-08-26,24.99,24.99,24.835,24.91,2618414
2024-08-27,24.81,24.9851,24.79,24.98,1711190
2024-08-28,24.84,24.84,24.69,24.81,1206307
2024-08-29,24.83,25.0099,24.83,24.935,2124877
2024-08-30,24.89,24.9155,24.67,24.755,2009045
2024-09-03,24.66,24.675,24.465,24.655,2459585
2024-09-04,24.595,24.7241,24.555,24.66,1118030
2024-09-05,24.91,24.93,24.76,24.87,2377775
2024-09-06,24.82,24.91,24.58,24.69,2628083
2024-09-09,24.76,24.7901,24.665,24.79,1005528
2024-09-10,24.88,24.91,24.735,24.9,1560652
2024-09-11,24.81,24.9262,24.735,24.86,1162324
2024-09-12,25.12,25.3099,25.0901,25.295,1432537
2024-09-13,25.5,25.5799,25.45,25.545,1358850
2024-09-16,25.555,25.605,25.475,25.545,936810
2024-09-17,25.485,25.5399,25.325,25.4,2078555
2024-09-18,25.5,25.715,25.19,25.215,2720635
2024-09-19,25.51,25.6399,25.4151,25.6,2739339
2024-09-20,25.8,25.975,25.745,25.925,2186413
2024-09-23,26.01,26.066,25.965,25.975,2005833
2024-09-24,26.06,26.3507,26.035,26.34,1971926
2024-09-25,26.35,26.38,26.2079,26.31,2592285
2024-09-26,26.39,26.479,26.25,26.44,2628486
2024-09-27,26.38,26.41,26.142,26.23,2469449
2024-09-30,26.12,26.13,25.965,26.025,2425219
2024-10-01,26.25,26.435,26.235,26.3,3510097
2024-10-02,26.3,26.3421,26.125,26.3,2683181
2024-10-03,26.2,26.3254,26.1,26.285,1519819
2024-10-04,26.23,26.4006,26.13,26.225,2581991
2024-10-07,26.19,26.205,26.0962,26.14,2721275
2024-10-08,26.1,26.125,25.76,25.94,3115665
2024-10-09,25.82,25.89,25.76,25.805,2536580
2024-10-10,25.875,26.02,25.86,25.99,2381581
2024-10-11,26.185,26.3222,26.17,26.265,1536829
2024-10-14,26.25,26.3103,26.1498,26.235,1851340
2024-10-15,26.22,26.3902,26.18,26.325,1964873
2024-10-16,26.52,26.554,26.375,26.455,2015689
2024-10-17,26.52,26.665,26.51,26.62,1800566
2024-10-18,26.77,26.91,26.755,26.9,2131188
2024-10-21,27.06,27.0999,26.845,26.89,2699446
2024-10-22,27.1,27.19,27.035,27.185,2405991
2024-10-23,27.1,27.1061,26.785,26.865,2930116
2024-10-24,27.12,27.12,26.915,27.06,2754327
2024-10-25,26.985,27.145,26.9501,27.125,2234393
2024-10-28,27.09,27.1579,27.0836,27.125,1643584
2024-10-29,27.25,27.435,27.22,27.415,1855966
2024-10-30,27.49,27.595,27.3903,27.57,1457121
2024-10-31,27.36,27.3601,27.0099,27.155,1682872
2024-11-01,27.24,27.29,27.025,27.03,1446342
2024-11-04,27.13,27.145,27.014,27.07,1358937
2024-11-05,27.165,27.1999,27.0299,27.13,1802223
2024-11-06,26.29,26.485,26.23,26.315,3142289
2024-11-07,26.585,26.79,26.57,26.735,1734267
2024-11-08,26.67,26.695,26.52,26.55,1174547
2024-11-11,25.98,25.985,25.81,25.925,1729820
2024-11-12,25.83,25.87,25.63,25.705,1721352
2024-11-13,25.8301,25.85,25.44,25.445,2358198
2024-11-14,25.33,25.472,25.28,25.375,2447502
2024-11-15,25.44,25.465,25.3,25.33,1529465
2024-11-18,25.75,25.855,25.7401,25.81,1209290
2024-11-19,25.9899,26.05,25.9101,26.04,2682262
2024-11-20,26.095,26.2499,26.07,26.185,2191082
2024-11-21,26.36,26.43,26.3001,26.405,2379351
2024-11-22,26.57,26.81,26.54,26.76,2975662
2024-11-25,26.15,26.16,25.8599,25.965,4192858
2024-11-26,25.9999,26.03,25.87,26.015,2408316
2024-11-27,26.22,26.255,26.04,26.07,2077890
2024-11-29,26.26,26.317539,26.2009,26.3,1341286
2024-12-02,26.17,26.195,26.0349,26.07,2927417
2024-12-03,26.23,26.24,26.0594,26.12,2115938
2024-12-04,26.23,26.27,26.1699,26.2,3230310
2024-12-05,26.13,26.17,25.93,26.005,2758305
2024-12-06,26,26.1101,25.96,26.015,2658690
2024-12-09,26.375,26.4616,26.265,26.275,1983228
2024-12-10,26.54,26.6499,26.5379,26.615,1017872
2024-12-11,26.7,26.905,26.66,26.855,4039061
2024-12-12,26.53,26.58,26.4185,26.48,2667968
2024-12-13,26.301,26.335,26.16,26.175,2538679
2024-12-16,26.26,26.29,26.1865,26.22,1353065
2024-12-17,26.09,26.1899,26.06,26.13,1546881
2024-12-18,26.085,26.0999,25.57,25.625,2240050
2024-12-19,25.67,25.7051,25.56,25.665,2427234
2024-12-20,25.86,26.0157,25.8299,25.92,2233935
2024-12-23,25.87,25.88,25.775,25.805,1871663
2024-12-24,25.86,25.88,25.79,25.855,704304
2024-12-26,25.9501,26.085,25.94,26.035,1103786
2024-12-27,25.8598,25.915,25.815,25.855,1432839
2024-12-30,25.8239,25.83,25.6603,25.77,1923375
2024-12-31,25.829,25.9743,25.82,25.935,1635449
2025-01-02,26.16,26.3,26.149,26.285,2130005
2025-01-03,26.19,26.2201,26.07,26.09,2253823
2025-01-06,25.97,26.115,25.924,26.045,2754845
2025-01-07,26.3,26.3252,26.1199,26.195,3475228
2025-01-08,26.32,26.4,26.1901,26.33,2972633
2025-01-10,26.5873,26.675,26.52,26.605,2736662
2025-01-13,26.3994,26.435,26.2596,26.32,2585447
2025-01-14,26.31,26.47,26.305,26.47,1730344
2025-01-15,26.59,26.67,26.465,26.67,2107432
2025-01-16,26.835,26.9299,26.805,26.84,2226787
2025-01-17,26.73,26.8655,26.6899,26.7,2180739
2025-01-21,26.9984,27.145,26.98,27.115,1711855
2025-01-22,27.31,27.32,27.19,27.255,1726088
2025-01-23,27.14,27.2664,27.07,27.22,1177934
2025-01-24,27.47,27.54,27.381,27.4,1359161
2025-01-27,27.26,27.26,27,27.105,1032312
2025-01-28,27.36,27.36,27.22,27.335,773710
2025-01-29,27.3,27.32,27.1338,27.24,804630
2025-01-30,27.53,27.66,27.47,27.635,1216530
2025-01-31,27.81,27.845,27.625,27.69,2114961
2025-02-03,27.83,27.99,27.8,27.85,1696716
2025-02-04,28.14,28.14,28.005,28.13,1338790
2025-02-05,28.385,28.5,28.28,28.31,1537725
2025-02-06,28.25,28.28,28.015,28.23,1330540
2025-02-07,28.455,28.5399,28.205,28.28,1551723
2025-02-10,28.72,28.785,28.636,28.75,1732802
2025-02-11,28.615,28.75,28.55,28.645,1214021
2025-02-12,28.62,28.755,28.5363,28.685,1337209
2025-02-13,28.75,28.96,28.74,28.96,1290335
2025-02-14,28.95,29,28.44,28.53,2044574
2025-02-18,28.91,29.0399,28.885,29.005,1260041
2025-02-19,29.01,29.0699,28.8561,29.03,1147173
2025-02-20,28.9473,29.12,28.945,29.04,1092276
2025-02-21,29.04,29.09,28.8801,29.01,1285004
2025-02-24,29.1,29.18,28.97,29.17,1647255
2025-02-25,29.3224,29.3224,28.56,28.79,2103692
2025-02-26,28.5626,28.83,28.56,28.83,1464435
2025-02-27,28.6257,28.6257,28.3399,28.41,1399539
2025-02-28,28.1101,28.23,27.99,28.23,2390006
2025-03-03,28.41,28.595,28.405,28.575,1451494
2025-03-04,28.831,28.87,28.67,28.84,1674994
2025-03-05,28.77,28.9551,28.71,28.89,2098685
2025-03-06,28.75,28.875,28.74,28.75,1376620
2025-03-07,28.85,28.96,28.685,28.76,1851310
2025-03-10,28.705,28.76,28.46,28.52,1825355
2025-03-11,28.7837,28.88,28.76,28.83,2015229
2025-03-12,28.77,29.065,28.76,28.975,1599428
2025-03-13,29.14,29.5067,29.1,29.485,2119765
2025-03-14,29.669,29.669,29.4399,29.495,1151340
2025-03-17,29.5235,29.66,29.52,29.655,1600406
2025-03-18,30.2908,30.2908,29.8901,30,1514954
2025-03-19,30.0429,30.16,29.915,30.13,1295521
2025-03-20,29.93,30.1,29.93,30.085,732827
2025-03-21,29.875,30.02,29.635,29.85,1251770
2025-03-24,29.9,29.95,29.67,29.71,1617467
2025-03-25,29.87,30,29.8,29.84,1416228
2025-03-26,29.86,29.93,29.765,29.82,1558910
2025-03-27,30.0546,30.225,29.97,30.215,1350410
2025-03-28,30.42,30.505,30.31,30.445,2098056
2025-03-31,30.81,30.9,30.64,30.88,2069843
2025-04-01,30.95,30.98,30.643,30.82,1815454
2025-04-02,30.9,30.97,30.7932,30.875,2052394
2025-04-03,30.21,30.975,30.21,30.71,2252386
2025-04-04,30.3009,30.4366,29.79,29.99,3867546
2025-04-07,29.84,30.01,29.22,29.44,5163687
2025-04-08,29.75,29.8299,29.395,29.49,1905692
2025-04-09,30.25,30.6251,30.12,30.57,2890673
2025-04-10,31.013,31.3853,30.79,31.325,2650713
2025-04-11,31.89,32.07,31.813488,31.925,2533410
2025-04-14,31.58,31.7835,31.57,31.75,1775525
2025-04-15,31.795,31.9398,31.735,31.92,1377854
2025-04-16,32.625,33.017,32.5645,32.96,2368592
2025-04-17,32.825,32.9158,32.45,32.82,2048498
2025-04-21,33.7521,33.9,33.653,33.825,2975064
2025-04-22,33.9545,34.04,33.265,33.33,3912472
2025-04-23,32.5403,32.6516,32.22,32.545,3338915
2025-04-24,32.95,33.06,32.66,33.015,1433700
2025-04-25,32.2602,32.725,32.25,32.65,1974987
2025-04-28,32.56,33.13,32.48,33.12,1784144
2025-04-29,32.75,32.89,32.605,32.81,1799775
2025-04-30,32.65,32.78,32.52,32.56,2172245
2025-05-01,31.895,31.925,31.66,31.895,2359187
2025-05-02,32.2265,32.2401,31.84,31.95,1588289
2025-05-05,32.815,32.9655,32.65,32.89,1753538
2025-05-06,33.569,33.8219,33.375,33.82,1906880
2025-05-07,33.4559,33.57,33.2368,33.32,1846569
2025-05-08,33.1,33.3363,32.49,32.66,1775072
2025-05-09,32.9922,33.065,32.805,32.87,2329122
2025-05-12,31.98,32.1,31.82,31.96,2598365
2025-05-13,32.0539,32.185,31.8603,32.1,1944507
2025-05-14,31.505,31.59,31.295,31.42,2961472
2025-05-15,31.525,31.92,31.4854,31.92,2181925
2025-05-16,31.34,31.5654,31.27,31.54,3427365
2025-05-19,32.01,32.01,31.7799,31.95,3666051
2025-05-20,31.985,32.545,31.975,32.54,2408172
2025-05-21,32.63,32.84,32.55,32.78,2935877
2025-05-22,32.6,32.715,32.38,32.495,2509221
2025-05-23,33.14,33.2497,32.965,33.195,2980018
2025-05-27,32.4737,32.68,32.46,32.645,1788276
2025-05-28,32.7,32.73,32.49,32.565,2667653
2025-05-29,32.77,32.89,32.6301,32.755,2013747
2025-05-30,32.55,32.5841,32.315,32.545,1832320
2025-06-02,33.1577,33.41,33.0999,33.405,2123303
2025-06-03,33.19,33.21,32.935,33.11,2247310
2025-06-04,33.162,33.44,33.1,33.33,2110077
2025-06-05,33.38,33.4651,32.98,33.15,2817036
2025-06-06,33.13,33.14,32.7146,32.715,1684468
2025-06-09,32.74,32.9752,32.71,32.86,2228316
2025-06-10,33.05,33.08,32.7901,32.885,2945264
2025-06-11,32.96,33.09,32.7948,33.06,3934876
2025-06-12,33.42,33.555,33.3605,33.465,2759609
2025-06-13,34,34.05,33.7799,33.91,4563499
2025-06-16,33.76,33.85,33.41,33.425,3644310
2025-06-17,33.52,33.555,33.2467,33.435,3668121
2025-06-18,33.54,33.55,33.23,33.26,2746918
2025-06-20,33.17,33.33,33.15,33.25,1985056
2025-06-23,33.2754,33.53,33.27,33.355,2889639
2025-06-24,32.7,32.85,32.55,32.835,4262786
2025-06-25,32.75,32.955,32.71,32.93,2210729
2025-06-26,32.795,32.945,32.6925,32.9,2366816
2025-06-27,32.175,32.425,32.15,32.3,3655535
2025-06-30,32.42,32.69,32.3728,32.68,2005472
2025-07-01,33.08,33.13,32.95,32.97,2871736
2025-07-02,33.02,33.1653,32.9101,33.15,1932765
2025-07-03,32.91,32.98,32.83,32.935,1269460
2025-07-07,32.71,32.99,32.655,32.96,2454176
2025-07-08,32.8496,32.8535,32.4601,32.61,2835556
2025-07-09,32.56,32.76,32.5101,32.75,2049291
2025-07-10,32.83,32.855,32.69,32.83,2243891
2025-07-11,33.11,33.27,33.08,33.15,3051061
2025-07-14,33.15,33.1751,33,33.02,2308872
2025-07-15,32.99,33.1002,32.7933,32.895,2603236
2025-07-16,32.935,33.35,32.78,33.06,4112766
2025-07-17,32.7514,32.9903,32.71,32.97,2629865
2025-07-18,33.16,33.1702,33.06,33.07,1862301
2025-07-21,33.4402,33.6,33.42,33.57,2820735
2025-07-22,33.74,33.9099,33.63,33.895,3128974
2025-07-23,33.661,33.7693,33.395,33.475,4147769
2025-07-24,33.15,33.35,33.13,33.275,2467899
2025-07-25,33.0092,33.06,32.835,32.96,3029265
2025-07-28,32.875,32.88,32.6,32.76,2468268
2025-07-29,32.79,32.915,32.7033,32.83,3871720
2025-07-30,32.65,32.67,32.27,32.29,2972689
2025-07-31,32.64,32.66,32.4747,32.49,3165281
2025-08-01,33.1088,33.19,32.97,33.15,4025816
2025-08-04,33.33,33.4262,33.28,33.335,1850385
2025-08-05,33.2853,33.485,33.27,33.365,2948772
2025-08-06,33.278,33.38,33.23,33.3,3072892
2025-08-07,33.44,33.58,33.32,33.58,2209741
2025-08-08,33.5,33.62,33.35,33.56,8284419
2025-08-11,33.05,33.21,33,33.1,2738357
2025-08-12,33.05,33.1749,32.895,33.055,2773080
2025-08-13,33.2073,33.28,33.085,33.165,1812617
2025-08-14,32.9132,33.0681,32.87,32.955,1606776
2025-08-15,32.9697,33.025,32.9101,32.975,2187991
2025-08-18,33.0196,33.02,32.88,32.91,1052562
2025-08-19,32.8999,32.9754,32.7349,32.74,1678731
2025-08-20,32.995,33.08,32.9745,33.07,1120505
2025-08-21,33.02,33.0465,32.935,32.955,760316
2025-08-22,32.86,33.36,32.86,33.305,1719163
2025-08-25,33.22,33.3399,33.22,33.235,1273625
2025-08-26,33.32,33.49,33.28,33.47,1274402
2025-08-27,33.4,33.555,33.3307,33.54,1480966
2025-08-28,33.61,33.79,33.58,33.78,1035058
2025-08-29,33.77,34.11,33.75,34.1,1628105
2025-09-02,34.435,34.96,34.3542,34.92,2559065
2025-09-03,35.295,35.335,35.05,35.19,2103701
2025-09-04,35.0441,35.13,34.91,35.045,1573553
2025-09-05,35.3493,35.55,35.285,35.5,1727551
2025-09-08,35.8426,36.0098,35.75,35.9,2498017
2025-09-09,36.15,36.28,35.82,35.85,2516030
2025-09-10,36.01,36.1,35.895,35.95,2886007
2025-09-11,35.74,35.945,35.71,35.905,1615528
2025-09-12,36.02,36.08,35.9635,35.985,1049064
2025-09-15,36.0799,36.385,36.07,36.34,1793512
2025-09-16,36.4709,36.56,36.32,36.43,2302281
2025-09-17,36.31,36.6,36,36.155,4243944
2025-09-18,36.07,36.07,35.8103,35.99,2275053
2025-09-19,36.0999,36.39,36.0728,36.385,1378455
2025-09-22,36.77,37.02,36.6799,37,2022360
2025-09-23,37.36,37.41,37.05,37.16,1922122
2025-09-24,37.2027,37.21,36.705,36.83,1793284
2025-09-25,36.95,37.1,36.7491,36.99,1706472
2025-09-26,37.11,37.3599,37.0545,37.19,1343592
2025-09-29,37.739,37.86,37.69,37.81,1894864
2025-09-30,37.669,38.125,37.65,38.12,1733779
2025-10-01,38.21,38.2915,38.055,38.19,2606723
2025-10-02,38.43,38.469,37.6953,38.05,2591294
2025-10-03,38.3198,38.415,38.1704,38.36,1706812
2025-10-06,38.8399,39.1904,38.775,39.095,2271646
2025-10-07,39.3278,39.4056,39.1199,39.29,2765308
2025-10-08,39.88,40.08,39.76,39.94,3552626
2025-10-09,40.03,40.04,38.93,39.22,5690709
2025-10-10,39.515,39.7299,39.2085,39.61,4502287
2025-10-13,40.385,40.65,40.305,40.57,3087885
2025-10-14,40.575,41.0215,40.55,40.88,2121130
2025-10-15,41.4098,41.595,41.265,41.57,2513417
2025-10-16,41.97,42.57,41.9,42.52,3645345
2025-10-17,42.615,42.6155,41.33,41.73,12919185
2025-10-20,42.8793,43.26,42.38,43.23,3320253
2025-10-21,41.475,41.713,40.29,40.56,10538453
2025-10-22,39.99,40.595,39.59,40.49,9223235
2025-10-23,40.93,41.01,40.6201,40.64,2592454
2025-10-24,40.6,40.85,40.45,40.52,2785734
2025-10-27,39.81,39.85,39.2,39.38,5599630
2025-10-28,38.815,39.185,38.6401,39.09,3180397
2025-10-29,39.66,39.7,38.78,38.95,5530941
2025-10-30,39.18,39.7399,39.12,39.71,3136323
2025-10-31,39.7499,39.76,39.215,39.48,2567479
2025-11-03,39.585,39.78,39.44,39.58,1347055
2025-11-04,39.01,39.24,38.7818,38.88,1882036
2025-11-05,39.329,39.3851,39.13,39.33,1453522
2025-11-06,39.405,39.5,39.1469,39.28,1423763
2025-11-07,39.4865,39.7403,39.33,39.515,1873432
2025-11-10,40.32,40.62,40.23,40.59,1203489
2025-11-11,40.765,40.81,40.445,40.77,1452582
2025-11-12,40.7701,41.56,40.72,41.41,1875440
2025-11-13,41.55,41.63,40.91,41.09,2609638
2025-11-14,39.8802,40.57,39.8,40.335,2649007
2025-11-17,40.13,40.2899,39.54,39.88,3898961
2025-11-18,40.2,40.3,39.89,40.16,2004040
2025-11-19,40.525,40.78,40.03,40.24,3379412
2025-11-20,40.265,40.52,39.91,40.23,3182497
2025-11-21,40.13,40.47,40.025,40.16,2882887
2025-11-24,40.22,40.805,40.16,40.8,1976215
2025-11-25,40.8026,41.04,40.57,40.77,3510980
2025-11-26,40.885,41.1799,40.825,41.1,3740131
2025-11-28,41.42,41.615,41.3101,41.615,1092596
2025-12-01,41.92,41.9265,41.655,41.83,1930629
2025-12-02,41.7234,41.7498,41.09,41.55,1990870
2025-12-03,41.695,41.86,41.41,41.515,1343921
2025-12-04,41.5,41.64,41.37,41.545,1088793
2025-12-05,41.76,42.035,41.44,41.475,1967611
2025-12-08,41.55,41.56,41.22,41.365,1670784
2025-12-09,41.38,41.66,41.36,41.58,1097614
2025-12-10,41.41,41.835,41.27,41.75,2129010
2025-12-11,41.755,42.29,41.71,42.19,2129946
2025-12-12,42.845,42.955,42.015,42.44,2866317
2025-12-15,42.68,42.78,42.3,42.49,1471616
2025-12-16,42.69,42.79,42.36,42.49,1601373
2025-12-17,42.71,42.92,42.65,42.86,1732824
2025-12-18,42.76,43.16,42.51,42.76,2323767
2025-12-19,42.705,42.99,42.63,42.82,1122159
2025-12-22,43.6855,43.835,43.55,43.81,1428648
2025-12-23,44.05,44.39,43.7,44.35,2165703
2025-12-24,44.25,44.27,43.88,44.2,1192752
2025-12-26,44.79,44.9,44.52,44.72,2137925
2025-12-29,43.33,43.34,42.45,42.77,2941256
2025-12-30,43.3284,43.335,42.81,42.85,1905597
2025-12-31,42.79,42.95,42.455,42.55,1606887
2026-01-02,43.11,43.12,42.54,42.74,1629387
2026-01-05,43.635,43.98,43.6099,43.89,1625263
2026-01-06,44.07,44.385,44.05,44.34,1984636
2026-01-07,43.865,44.0906,43.66,43.95,1865182
2026-01-08,43.67,44.185,43.63,44.16,2295826
2026-01-09,44.34,44.57,44.2099,44.48,2058284
